time_s,state,frame_valid,cn0_valid,cn0_method,cn0_db_hz,cn0_fast_valid,cn0_fast_db_hz,pli,pll_enabled,pll_control_hz,fll_locked,dll_locked,doppler_hz,truth_doppler_hz,doppler_error_hz,tracked_code_phase_chips,truth_code_phase_chips,code_phase_error_chips,truth_cn0_db_hz
0.02000000,PullIn,1,0,M2M4,0.00000000,0,0.00000000,0.29549724,0,0.00000000,0,0,4468.75000000,4500.00092360,-31.25092360,201.07717391,200.78260878,0.29456514,40.00000000
1.00000000,PullIn,1,1,M2M4,39.03990102,0,0.00000000,0.12148002,0,0.00000000,1,1,4506.41012784,4500.04616798,6.36395986,239.10933877,239.13063554,-0.02129677,40.00000000
2.00000000,Lock,1,0,NWPR,0.00000000,1,40.15977348,0.35114503,1,-2.80129987,1,1,4500.04531673,4500.09226423,-0.04694750,278.27121813,278.26167228,0.00954586,40.00000000
3.00000000,Strong,1,1,NWPR,39.81860985,1,40.21384280,0.52403046,1,0.17944540,1,1,4500.12631372,4500.13821723,-0.01190352,317.40395167,317.39310928,0.01084238,40.00000000
4.00000000,Strong,1,1,NWPR,39.67420224,1,39.28217012,0.71256446,1,0.15594221,1,1,4500.34982724,4500.18395585,0.16587139,356.54006483,356.52494500,0.01511983,40.00000000
5.00000000,Strong,1,1,NWPR,39.43206274,1,38.78332437,0.85547477,1,0.00391704,1,1,4500.34641997,4500.22940952,0.11701044,395.66986767,395.65717726,0.01269041,40.00000000
6.00000000,Strong,1,1,NWPR,39.33571128,1,39.20878213,0.93019679,1,-0.00841248,1,1,4500.35754418,4500.27450850,0.08303568,434.80160995,434.78980327,0.01180668,40.00000000
7.00000000,Strong,1,1,NWPR,39.30524662,1,39.33251711,0.96407705,1,0.04371418,1,1,4500.37938746,4500.31918397,0.06020349,473.93325331,473.92281965,0.01043366,40.00000000
8.00000000,Strong,1,1,NWPR,39.42037338,1,39.45728915,0.97917941,1,0.11513164,1,1,4500.44688857,4500.36336832,0.08352025,513.06542517,513.05622244,0.00920274,40.00000000
9.00000000,Strong,1,1,NWPR,39.49224168,1,40.39225935,0.98486236,1,0.11646543,1,1,4500.49281529,4500.40699525,0.08582004,552.20002853,552.19000705,0.01002148,40.00000000
10.00000000,Strong,1,1,NWPR,39.55377520,1,39.64719348,0.98921124,1,-0.01235652,1,1,4500.42282023,4500.45000000,-0.02717977,591.33444843,591.32416838,0.01028006,40.00000000
11.00000000,Strong,1,1,NWPR,39.61705870,1,39.88113177,0.98813705,1,-0.07199204,1,1,4500.42908154,4500.49231952,-0.06323798,630.46758432,630.45870072,0.00888360,40.00000000
12.00000000,Strong,1,1,NWPR,39.53319031,1,39.32660129,0.98701614,1,0.02054093,1,1,4500.57333751,4500.53389263,0.03944488,669.59985875,669.59359786,0.00626089,40.00000000
13.00000000,Strong,1,1,NWPR,39.45783559,1,40.21414961,0.98795651,1,0.10373976,1,1,4500.69265336,4500.57466020,0.11799317,708.73487368,708.72885304,0.00602065,40.00000000
14.00000000,Strong,1,1,NWPR,39.51291379,1,39.17393083,0.98650664,1,0.04468769,1,1,4500.66050463,4500.61456530,0.04593933,747.87249984,747.86445901,0.00804083,40.00000000
15.00000000,Strong,1,1,NWPR,39.53141562,1,38.91760443,0.98573278,1,-0.02957237,1,1,4500.62117995,4500.65355339,-0.03237344,787.00750243,787.00040804,0.00709439,40.00000000
16.00000000,Strong,1,1,NWPR,39.45919129,1,39.68211446,0.98926544,1,0.00179006,1,1,4500.69278088,4500.69157241,0.00120847,826.14037014,826.13669191,0.00367823,40.00000000
17.00000000,Strong,1,1,NWPR,39.48209410,1,40.04641920,0.98828777,1,0.05522068,1,1,4500.79004649,4500.72857298,0.06147351,865.27528567,865.27330200,0.00198367,40.00000000
18.00000000,Strong,1,1,NWPR,39.47221947,1,39.06634275,0.98624097,1,-0.05815693,1,1,4500.70484570,4500.76450850,-0.05966280,904.41053246,904.41022923,0.00030324,40.00000000
19.00000000,Strong,1,1,NWPR,39.38459405,1,39.85984048,0.98922417,1,-0.13577159,1,1,4500.66162137,4500.79933528,-0.13771391,943.54839863,943.54746415,0.00093448,40.00000000
20.00000000,Strong,1,1,NWPR,39.49505260,1,39.35983795,0.98751886,1,0.01486308,1,1,4500.84788846,4500.83301270,0.01487576,982.68629842,982.68499694,0.00130147,40.00000000
21.00000000,Strong,1,1,NWPR,39.49262641,1,39.16428131,0.98850987,1,0.04012909,1,1,4500.90713437,4500.86550326,0.04163111,1021.82379318,1021.82281745,0.00097573,40.00000000
22.00000000,Strong,1,1,NWPR,39.44369845,1,39.82012347,0.99093585,1,-0.15321002,1,1,4500.74270269,4500.89677273,-0.15407004,1060.96183134,1060.96091520,0.00091614,40.00000000
23.00000000,Strong,1,1,NWPR,39.68356059,1,40.23397536,0.98856232,1,0.11876507,1,1,4501.05490119,4500.92679021,0.12811097,1100.09922496,1100.09927943,-0.00005448,40.00000000
24.00000000,Strong,1,1,NWPR,39.78480064,1,39.43846532,0.98785952,1,0.15563900,1,1,4501.12165874,4500.95552826,0.16613048,1139.23869991,1139.23789914,0.00080077,40.00000000
25.00000000,Strong,1,1,NWPR,39.79088699,1,40.37241269,0.98797872,1,0.06314449,1,1,4501.05030530,4500.98296291,0.06734238,1178.37893370,1178.37676310,0.00217060,40.00000000
26.00000000,Strong,1,1,NWPR,39.81501247,1,39.88291912,0.98527602,1,0.00437935,1,1,4501.01560841,4501.00907380,0.00653461,1217.51768199,1217.51585988,0.00182211,40.00000000
27.00000000,Strong,1,1,NWPR,39.55279202,1,39.46929621,0.98360569,1,0.10313603,1,1,4501.14205389,4501.03384417,0.10820972,1256.65586090,1256.65517789,0.00068301,40.00000000
28.00000000,Strong,1,1,NWPR,39.57295006,1,39.24202419,0.98600922,1,0.14916167,1,1,4501.21458855,4501.05726095,0.15732760,1295.79468948,1295.79470542,-0.00001594,40.00000000
29.00000000,Strong,1,1,NWPR,39.46212730,1,40.10292177,0.98975587,1,0.07224210,1,1,4501.15867049,4501.07931477,0.07935572,1334.93216896,1334.93443065,-0.00226169,40.00000000
30.00000000,Strong,1,1,NWPR,39.58512438,1,39.12548722,0.98605733,1,-0.12868730,1,1,4500.96752977,4501.10000000,-0.13247023,1374.07147978,1374.07434171,-0.00286193,40.00000000
31.00000000,Strong,1,1,NWPR,39.54994831,1,39.59643222,0.98887558,1,-0.12223287,1,1,4500.98888971,4501.11931477,-0.13042506,1413.21096156,1413.21442668,-0.00346512,40.00000000
32.00000000,Strong,1,1,NWPR,39.49446292,1,39.76679642,0.98978952,1,0.04638241,1,1,4501.18415495,4501.13726095,0.04689400,1452.35137564,1452.35467365,-0.00329801,40.00000000
33.00000000,Strong,1,1,NWPR,39.58733468,1,39.91110992,0.98880681,1,0.08872262,1,1,4501.25338305,4501.15384417,0.09953888,1491.49254160,1491.49507075,-0.00252915,40.00000000
34.00000000,Strong,1,1,NWPR,39.68554118,1,39.58641121,0.98886327,1,-0.03004684,1,1,4501.14252813,4501.16907380,-0.02654567,1530.63426035,1530.63560615,-0.00134580,40.00000000
35.00000000,Strong,1,1,NWPR,39.71494188,1,39.22466526,0.98938678,1,-0.00635948,1,1,4501.17668747,4501.18296291,-0.00627544,1569.77430268,1569.77626814,-0.00196547,40.00000000
36.00000000,Strong,1,1,NWPR,39.69494571,1,39.59732993,0.98755257,1,0.03040809,1,1,4501.22802943,4501.19552826,0.03250117,1608.91290162,1608.91704514,-0.00414352,40.00000000
37.00000000,Strong,1,1,NWPR,39.73878753,1,39.41728129,0.98899922,1,-0.05243743,1,1,4501.15493373,4501.20679021,-0.05185649,1648.05591638,1648.05792573,-0.00200935,40.00000000
38.00000000,Strong,1,1,NWPR,39.57930439,1,39.05635009,0.98957196,1,-0.14985882,1,1,4501.06008547,4501.21677273,-0.15668726,1687.19957683,1687.19889866,0.00067817,40.00000000
39.00000000,Strong,1,1,NWPR,39.53652674,1,39.87692062,0.98645405,1,0.05664589,1,1,4501.28648005,4501.22550326,0.06097679,1726.34057529,1726.33995293,0.00062237,40.00000000
40.00000000,Strong,1,1,NWPR,39.54906762,1,39.55370589,0.98867332,1,-0.12095413,1,1,4501.10393114,4501.23301270,-0.12908156,1765.48059439,1765.48107778,-0.00048340,40.00000000
41.00000000,Strong,1,1,NWPR,39.53148490,1,39.73627535,0.98800363,1,0.05861087,1,1,4501.30349088,4501.23933528,0.06415560,1804.62201906,1804.62226275,-0.00024369,40.00000000
42.00000000,Strong,1,1,NWPR,39.51530092,1,39.42706648,0.98947312,1,0.06841598,1,1,4501.31864676,4501.24450850,0.07413826,1843.76130264,1843.76349767,-0.00219503,40.00000000
43.00000000,Strong,1,1,NWPR,39.49681020,1,39.36971944,0.98928237,1,0.02694117,1,1,4501.27393664,4501.24857298,0.02536366,1882.90141738,1882.90477273,-0.00335535,40.00000000
44.00000000,Strong,1,1,NWPR,39.51533647,1,40.14955293,0.98913530,1,0.07697483,1,1,4501.32978319,4501.25157241,0.07821078,1922.04349504,1922.04607846,-0.00258342,40.00000000
45.00000000,Strong,1,1,NWPR,39.54950928,1,39.86897579,0.98886064,1,0.04550451,1,1,4501.30433445,4501.25355339,0.05078106,1961.18520293,1961.18740582,-0.00220289,40.00000000
46.00000000,Strong,1,1,NWPR,39.61917390,1,39.66919539,0.98961092,1,-0.15571380,1,1,4501.09473537,4501.25456530,-0.15982993,2000.32610598,2000.32874615,-0.00264017,40.00000000
47.00000000,Strong,1,1,NWPR,39.60862331,1,39.40608332,0.98649680,1,0.18725732,1,1,4501.44867437,4501.25466020,0.19401418,2039.46592362,2039.47009125,-0.00416763,40.00000000
48.00000000,Strong,1,1,NWPR,39.38155078,1,39.33071683,0.98561843,1,0.00605260,1,1,4501.26657002,4501.25389263,0.01267740,2078.60836901,2078.61143339,-0.00306438,40.00000000
49.00000000,Strong,1,1,NWPR,39.40399457,1,39.93620834,0.98640064,1,-0.25272227,1,1,4500.98789791,4501.25231952,-0.26442161,2117.74806565,2117.75276531,-0.00469966,40.00000000
50.00000000,Strong,1,1,NWPR,39.46048135,1,39.53490596,0.98985514,1,0.05865808,1,1,4501.31360023,4501.25000000,0.06360023,2156.89202607,2156.89408026,-0.00205419,40.00000000
51.00000000,Strong,1,1,NWPR,39.47261591,1,39.33880769,0.98784126,1,0.01356852,1,1,4501.26703131,4501.24699525,0.02003606,2196.03532866,2196.03537202,-0.00004336,40.00000000
52.00000000,Strong,1,1,NWPR,39.58493676,1,39.96862530,0.98826881,1,0.03885120,1,1,4501.28487533,4501.24336832,0.04150701,2235.17577377,2235.17663490,-0.00086113,40.00000000
53.00000000,Strong,1,1,NWPR,39.46735582,1,40.16590092,0.98613872,1,0.05568017,1,1,4501.29945225,4501.23918397,0.06026828,2274.31758914,2274.31786376,-0.00027462,40.00000000
54.00000000,Strong,1,1,NWPR,39.49115248,1,39.31839983,0.98994756,1,-0.07279444,1,1,4501.16127785,4501.23450850,-0.07323065,2313.45761257,2313.45905406,-0.00144149,40.00000000
55.00000000,Strong,1,1,NWPR,39.58367233,1,39.31253577,0.98955110,1,0.11820367,1,1,4501.35424558,4501.22940952,0.12483606,2352.59746766,2352.60020182,-0.00273415,40.00000000
56.00000000,Strong,1,1,NWPR,39.49645073,1,39.58828152,0.98814656,1,0.08762194,1,1,4501.32190607,4501.22395585,0.09795022,2391.73896376,2391.74130364,-0.00233988,40.00000000
57.00000000,Strong,1,1,NWPR,39.48110554,1,39.09671685,0.99009386,1,-0.11286364,1,1,4501.10180519,4501.21821723,-0.11641204,2430.87778356,2430.88235674,-0.00457318,40.00000000
58.00000000,Strong,1,1,NWPR,39.50976079,1,40.07252682,0.98834207,1,-0.03118034,1,1,4501.18158303,4501.21226423,-0.03068120,2470.01907313,2470.02335897,-0.00428583,40.00000000
59.00000000,Strong,1,1,NWPR,39.61363768,1,39.87903771,0.98726991,1,0.06653428,1,1,4501.27469649,4501.20616798,0.06852851,2509.16120831,2509.16430875,-0.00310044,40.00000000
60.00000000,Strong,1,1,NWPR,39.63004140,1,39.22202208,0.98786109,1,0.14236159,1,1,4501.34783914,4501.20000000,0.14783914,2548.30096161,2548.30520516,-0.00424355,40.00000000
61.00000000,Strong,1,1,NWPR,39.67035890,1,39.68639406,0.98852263,1,-0.15389251,1,1,4501.02954620,4501.19383202,-0.16428583,2587.43998312,2587.44604788,-0.00606476,40.00000000
62.00000000,Strong,1,1,NWPR,39.61265677,1,38.89091684,0.98599994,1,-0.07233265,1,1,4501.11165458,4501.18773577,-0.07608119,2626.58116232,2626.58683723,-0.00567491,40.00000000
63.00000000,Strong,1,1,NWPR,39.43069864,1,39.22871556,0.98871309,1,-0.06646079,1,1,4501.11149527,4501.18178277,-0.07028750,2665.72380492,2665.72757413,-0.00376921,40.00000000
64.00000000,Strong,1,1,NWPR,39.41570800,1,39.86982753,0.98878819,1,0.11643120,1,1,4501.29408908,4501.17604415,0.11804493,2704.86334595,2704.86826016,-0.00491421,40.00000000
65.00000000,Strong,1,1,NWPR,39.59040401,1,39.39018085,0.98949714,1,-0.04542403,1,1,4501.12515061,4501.17059048,-0.04543987,2744.00526263,2744.00889747,-0.00363484,40.00000000
66.00000000,Strong,1,1,NWPR,39.53609682,1,38.83322164,0.98990494,1,-0.05267475,1,1,4501.11211571,4501.16549150,-0.05337580,2783.14820853,2783.14948885,-0.00128032,40.00000000
67.00000000,Strong,1,1,NWPR,39.40363771,1,39.64645609,0.98973783,1,0.00040311,1,1,4501.16021741,4501.16081603,-0.00059861,2822.28636881,2822.29003768,-0.00366886,40.00000000
68.00000000,Strong,1,1,NWPR,39.46593896,1,39.41811960,0.99125730,1,0.11648278,1,1,4501.27588056,4501.15663168,0.11924888,2861.42828110,2861.43054794,-0.00226684,40.00000000
69.00000000,Strong,1,1,NWPR,39.48736629,1,39.62460363,0.98764329,1,0.02194522,1,1,4501.17833463,4501.15300475,0.02532988,2900.57127900,2900.57102419,0.00025481,40.00000000
70.00000000,Strong,1,1,NWPR,39.50186698,1,39.48813698,0.98948718,1,-0.07698978,1,1,4501.06716296,4501.15000000,-0.08283704,2939.71183168,2939.71147157,0.00036012,40.00000000
71.00000000,Strong,1,1,NWPR,39.39621028,1,38.90665808,0.99063398,1,0.08796733,1,1,4501.24004550,4501.14768048,0.09236502,2978.85324830,2978.85189574,0.00135256,40.00000000
72.00000000,Strong,1,1,NWPR,39.34432641,1,39.10437156,0.99054692,1,0.09384521,1,1,4501.24274366,4501.14610737,0.09663629,3017.99339664,3017.99230295,0.00109369,40.00000000
73.00000000,Strong,1,1,NWPR,39.45843140,1,39.99693554,0.98707854,1,0.04414768,1,1,4501.19424643,4501.14533980,0.04890663,3057.13195578,3057.13269995,-0.00074417,40.00000000
74.00000000,Strong,1,1,NWPR,39.41689555,1,39.80091183,0.98531386,1,-0.10604157,1,1,4501.03557388,4501.14543470,-0.10986082,3096.27418288,3096.27309397,0.00108891,40.00000000
75.00000000,Strong,1,1,NWPR,39.44927234,1,38.91755056,0.98844734,1,-0.06630075,1,1,4501.07715120,4501.14644661,-0.06929541,3135.41210651,3135.41349277,-0.00138626,40.00000000
76.00000000,Strong,1,1,NWPR,39.38274791,1,39.47345985,0.98996955,1,0.01767017,1,1,4501.16152042,4501.14842759,0.01309283,3174.55122045,3174.55390455,-0.00268410,40.00000000
77.00000000,Strong,1,1,NWPR,39.47411184,1,39.21397090,0.98793861,1,0.00558479,1,1,4501.15428552,4501.15142702,0.00285850,3213.69146706,3213.69433794,-0.00287088,40.00000000
78.00000000,Strong,1,1,NWPR,39.48305687,1,39.34927046,0.98708162,1,-0.05699149,1,1,4501.09180966,4501.15549150,-0.06368185,3252.83129190,3252.83480202,-0.00351012,40.00000000
79.00000000,Strong,1,1,NWPR,39.45023455,1,39.02838493,0.98420665,1,0.03091129,1,1,4501.18835592,4501.16066472,0.02769120,3291.97090295,3291.97530623,-0.00440328,40.00000000
80.00000000,Strong,1,1,NWPR,39.57044675,1,39.96304351,0.98476406,1,-0.10698575,1,1,4501.05235712,4501.16698730,-0.11463018,3331.11232934,3331.11586039,-0.00353105,40.00000000
81.00000000,Strong,1,1,NWPR,39.68581430,1,39.99069129,0.98860180,1,0.12698619,1,1,4501.30806588,4501.17449674,0.13356914,3370.25312372,3370.25647467,-0.00335094,40.00000000
82.00000000,Strong,1,1,NWPR,39.83638619,1,40.04551203,0.98782265,1,0.06781717,1,1,4501.25371773,4501.18322727,0.07049046,3409.39698282,3409.39715953,-0.00017671,40.00000000
83.00000000,Strong,1,1,NWPR,39.79632635,1,40.10786049,0.98924067,1,0.08312320,1,1,4501.27820987,4501.19320979,0.08500008,3448.53712712,3448.53792573,-0.00079861,40.00000000
84.00000000,Strong,1,1,NWPR,39.48466801,1,39.46104498,0.98805785,1,-0.00005674,1,1,4501.20252194,4501.20447174,-0.00194980,3487.67736099,3487.67878427,-0.00142328,40.00000000
85.00000000,Strong,1,1,NWPR,39.43767392,1,39.43710844,0.98761042,1,-0.01901006,1,1,4501.19378426,4501.21703709,-0.02325282,3526.81747109,3526.81974640,-0.00227531,40.00000000
86.00000000,Strong,1,1,NWPR,39.43819548,1,39.39030720,0.98722163,1,0.11919140,1,1,4501.35412631,4501.23092620,0.12320011,3565.95968129,3565.96082354,-0.00114225,40.00000000
87.00000000,Strong,1,1,NWPR,39.40685434,1,39.10745908,0.98823014,1,0.00202119,1,1,4501.24236755,4501.24615583,-0.00378828,3605.09976441,3605.10202727,-0.00226286,40.00000000
88.00000000,Strong,1,1,NWPR,39.53050675,1,39.54944127,0.99098115,1,-0.13290404,1,1,4501.12320682,4501.26273905,-0.13953223,3644.24159422,3644.24336930,-0.00177509,40.00000000
89.00000000,Strong,1,1,NWPR,39.49023194,1,39.39316195,0.98938099,1,-0.06399449,1,1,4501.21990502,4501.28068523,-0.06078021,3683.38506067,3683.38486146,0.00019921,40.00000000
90.00000000,Strong,1,1,NWPR,39.52641455,1,39.70957296,0.98909760,1,0.01155722,1,1,4501.31382217,4501.30000000,0.01382217,3722.52524798,3722.52651562,-0.00126764,40.00000000
91.00000000,Strong,1,1,NWPR,39.61745053,1,39.60711795,0.98927819,1,-0.01815310,1,1,4501.29575147,4501.32068523,-0.02493376,3761.66775299,3761.66834370,-0.00059071,40.00000000
92.00000000,Strong,1,1,NWPR,39.52082125,1,39.76038269,0.98654013,1,-0.01590501,1,1,4501.32296578,4501.34273905,-0.01977328,3800.80910743,3800.81035759,-0.00125016,40.00000000
93.00000000,Strong,1,1,NWPR,39.36223931,1,38.72226953,0.98844257,1,0.00638126,1,1,4501.36864056,4501.36615583,0.00248473,3839.95130825,3839.95256920,-0.00126095,40.00000000
94.00000000,Strong,1,1,NWPR,39.16287198,1,39.88697772,0.98648552,1,-0.04046496,1,1,4501.34424281,4501.39092620,-0.04668339,3879.09116130,3879.09499031,-0.00382902,40.00000000
95.00000000,Strong,1,1,NWPR,39.26805415,1,39.60061559,0.98384727,1,0.14229124,1,1,4501.57128764,4501.41703709,0.15425056,3918.23380699,3918.23763267,-0.00382568,40.00000000
96.00000000,Strong,1,1,NWPR,39.44249925,1,39.55523510,0.98779764,1,-0.01677733,1,1,4501.42829405,4501.44447174,-0.01617769,3957.37554210,3957.38050784,-0.00496575,40.00000000
97.00000000,Strong,1,1,NWPR,39.41810536,1,39.54847569,0.98560513,1,-0.00206347,1,1,4501.47117892,4501.47320979,-0.00203087,3996.51952418,3996.52362726,-0.00410308,40.00000000
98.00000000,Strong,1,1,NWPR,39.43515712,1,39.47608327,0.98712476,1,0.17250369,1,1,4501.68232109,4501.50322727,0.17909382,4035.66384116,4035.66700215,-0.00316099,40.00000000
99.00000000,Strong,1,1,NWPR,39.46908866,1,39.16438438,0.98546960,1,-0.10479484,1,1,4501.42059415,4501.53449674,-0.11390258,4074.80814411,4074.81064354,-0.00249943,40.00000000
100.00000000,Strong,1,1,NWPR,39.44465948,1,38.93924369,0.98707505,1,0.04285116,1,1,4501.60691980,4501.56698730,0.03993250,4113.95251646,4113.95456216,-0.00204570,40.00000000
101.00000000,Strong,1,1,NWPR,39.40270877,1,39.37043966,0.99102010,1,0.00447625,1,1,4501.60655726,4501.60066472,0.00589254,4153.09839776,4153.09876849,-0.00037073,40.00000000
102.00000000,Strong,1,1,NWPR,39.59410421,1,39.40478069,0.99169211,1,-0.00298767,1,1,4501.63507126,4501.63549150,-0.00042024,4192.24175836,4192.24327270,-0.00151435,40.00000000
103.00000000,Strong,1,1,NWPR,39.55885305,1,38.94463425,0.99208638,1,-0.01938253,1,1,4501.65553316,4501.67142702,-0.01589386,4231.38864261,4231.38808460,0.00055800,40.00000000
104.00000000,Strong,1,1,NWPR,39.35093857,1,39.46960553,0.98584923,1,-0.01556956,1,1,4501.69051733,4501.70842759,-0.01791026,4270.53551199,4270.53321365,0.00229833,40.00000000
105.00000000,Strong,1,1,NWPR,39.39996104,1,39.89975910,0.98621212,1,0.09631279,1,1,4501.84647300,4501.74644661,0.10002639,4309.68188983,4309.67866891,0.00322092,40.00000000
106.00000000,Strong,1,1,NWPR,39.48988241,1,39.13635046,0.98520189,1,-0.02530418,1,1,4501.75777172,4501.78543470,-0.02766298,4348.82700406,4348.82445901,0.00254505,40.00000000
107.00000000,Strong,1,1,NWPR,39.47765507,1,40.02510422,0.98559273,1,0.10256892,1,1,4501.93034209,4501.82533980,0.10500229,4387.97190561,4387.97059217,0.00131344,40.00000000
108.00000000,Strong,1,1,NWPR,39.50154967,1,39.37716291,0.98754089,1,-0.02981406,1,1,4501.83294715,4501.86610737,-0.03316022,4427.11778390,4427.11707612,0.00070779,40.00000000
109.00000000,Strong,1,1,NWPR,39.46165601,1,39.45277084,0.98610165,1,0.14827135,1,1,4502.06119383,4501.90768048,0.15351335,4466.26653661,4466.26391811,0.00261850,40.00000000
110.00000000,Strong,1,1,NWPR,39.38005505,1,39.59727904,0.98993304,1,0.05000756,1,1,4502.00210929,4501.95000000,0.05210929,4505.41403146,4505.41112490,0.00290656,40.00000000
111.00000000,Strong,1,1,NWPR,39.42532283,1,40.23058139,0.98931562,1,0.08088127,1,1,4502.07692556,4501.99300475,0.08392081,4544.55908146,4544.55870270,0.00037876,40.00000000
112.00000000,Strong,1,1,NWPR,39.49974606,1,39.74973501,0.98771790,1,0.07143239,1,1,4502.10887979,4502.03663168,0.07224811,4583.70831239,4583.70665722,0.00165517,40.00000000
113.00000000,Strong,1,1,NWPR,39.48975663,1,38.90337740,0.98807101,1,0.04589412,1,1,4502.13146289,4502.08081603,0.05064687,4622.85850052,4622.85499357,0.00350695,40.00000000
114.00000000,Strong,1,1,NWPR,39.43775860,1,40.11208094,0.99088651,1,0.07720009,1,1,4502.20657545,4502.12549150,0.08108395,4662.00559727,4662.00371631,0.00188096,40.00000000
115.00000000,Strong,1,1,NWPR,39.61070746,1,39.33168011,0.98886593,1,0.09087478,1,1,4502.26540930,4502.17059048,0.09481883,4701.15603475,4701.15282943,0.00320532,40.00000000
116.00000000,Strong,1,1,NWPR,39.50175702,1,39.31536044,0.98824658,1,0.08361260,1,1,4502.29986834,4502.21604415,0.08382419,4740.30467549,4740.30233630,0.00233919,40.00000000
117.00000000,Strong,1,1,NWPR,39.41886901,1,38.73260445,0.98744045,1,0.06996774,1,1,4502.33752778,4502.26178277,0.07574502,4779.45544396,4779.45223972,0.00320425,40.00000000
118.00000000,Strong,1,1,NWPR,39.41268318,1,40.35393399,0.98858137,1,0.05531241,1,1,4502.36812892,4502.30773577,0.06039315,4818.60623819,4818.60254184,0.00369634,40.00000000
119.00000000,Strong,1,1,NWPR,39.62084415,1,39.80933536,0.98933313,1,0.15083564,1,1,4502.51142615,4502.35383202,0.15759413,4857.75496919,4857.75324423,0.00172496,40.00000000
120.00000000,Strong,1,1,NWPR,39.59093211,1,39.32952277,0.98763758,1,-0.10847249,1,1,4502.28381506,4502.40000000,-0.11618494,4896.90525309,4896.90434783,0.00090526,40.00000000
121.00000000,Strong,1,1,NWPR,32.71382306,1,0.00000000,0.96617509,1,0.34698654,1,1,4503.09079277,4502.44616798,0.64462480,4936.04784222,4936.05585293,-0.00801071,14.00000000
122.00000000,Strong,1,1,NWPR,30.26603402,1,8.21412751,0.93237870,1,-0.47688637,1,1,4501.94991763,4502.49226423,-0.54234660,4975.19771778,4975.20775924,-0.01004145,14.00000000
123.00000000,Weak,1,1,NWPR,30.68357591,1,8.04277737,0.77103315,0,0.00000000,1,1,4503.42489518,4502.53821723,0.88667795,5014.34237193,5014.36006581,-0.01769387,14.00000000
124.00000000,Weak,1,0,NWPR,22.48568446,1,13.73478573,0.57763030,0,-0.00000000,1,1,4503.27546851,4502.58395585,0.69151266,5053.50239472,5053.51277109,-0.01037637,14.00000000
125.00000000,Weak,1,0,NWPR,22.48568446,1,4.81559876,0.33782917,0,0.00000000,1,1,4503.54400910,4502.62940952,0.91459958,5092.66951040,5092.66587291,0.00363750,14.00000000
126.00000000,Weak,1,0,NWPR,22.48568446,1,15.10296698,0.24508276,0,-0.00000000,1,1,4503.41297871,4502.67450850,0.73847021,5131.83095933,5131.81936849,0.01159084,14.00000000
127.00000000,Weak,1,0,NWPR,22.48568446,1,14.92763078,0.03013228,0,0.00000000,1,1,4502.83730426,4502.71918397,0.11812029,5170.99066689,5170.97325444,0.01741245,14.00000000
128.00000000,Weak,1,0,NWPR,22.48568446,1,8.89189938,0.13137311,0,-0.00000000,1,1,4501.83586473,4502.76336832,-0.92750359,5210.15341732,5210.12752678,0.02589054,14.00000000
129.00000000,Weak,1,0,NWPR,22.48568446,1,10.61690042,0.02709515,0,0.00000000,1,1,4502.25960731,4502.80699525,-0.54738793,5249.30225992,5249.28218097,0.02007895,14.00000000
130.00000000,Weak,1,0,NWPR,22.48568446,1,13.58604365,0.18650942,0,-0.00000000,1,1,4502.39678778,4502.85000000,-0.45321222,5288.45833504,5288.43721185,0.02112318,14.00000000
131.00000000,Weak,1,0,NWPR,22.48568446,1,8.69859011,0.14205535,0,0.00000000,1,1,4502.45998287,4502.89231952,-0.43233665,5327.62468733,5327.59261376,0.03207357,14.00000000
132.00000000,Weak,1,0,NWPR,22.48568446,1,7.84979247,0.17610655,0,-0.00000000,1,1,4501.44844739,4502.93389263,-1.48544523,5366.76914387,5366.74838046,0.02076341,14.00000000
133.00000000,Weak,1,1,NWPR,18.03507536,1,3.82129096,0.11593410,0,-0.00000000,1,1,4501.44920722,4502.97466020,-1.52545297,5405.89573473,5405.90450521,-0.00877048,14.00000000
134.00000000,Weak,1,1,NWPR,14.11802549,1,9.53335871,0.06886922,0,0.00000000,1,1,4501.96396705,4503.01456530,-1.05059826,5445.03302924,5445.06098075,-0.02795151,14.00000000
135.00000000,Weak,1,1,NWPR,12.79061590,1,15.61313188,0.09837430,0,0.00000000,1,1,4502.39847367,4503.05355339,-0.65507972,5484.18414257,5484.21779934,-0.03365677,14.00000000
136.00000000,Weak,1,1,NWPR,12.41942997,1,14.78410142,0.11306379,0,-0.00000000,1,1,4502.41002160,4503.09157241,-0.68155081,5523.33126537,5523.37495278,-0.04368741,14.00000000
137.00000000,Weak,1,1,NWPR,12.54461762,1,13.75688543,0.12339902,0,0.00000000,1,1,4502.92556891,4503.12857298,-0.20300408,5562.49575381,5562.53243243,-0.03667862,14.00000000
138.00000000,Weak,1,1,NWPR,12.56932420,1,15.62651091,0.23556800,0,0.00000000,1,1,4503.12154798,4503.16450850,-0.04296051,5601.63681343,5601.69022923,-0.05341580,14.00000000
139.00000000,Weak,1,1,NWPR,12.80671976,1,11.95172701,0.21532083,0,0.00000000,1,1,4503.45200759,4503.19933528,0.25267230,5640.79818977,5640.84833371,-0.05014395,14.00000000
140.00000000,Weak,1,1,NWPR,12.96169210,1,15.13374296,0.11833764,0,0.00000000,1,1,4503.26420384,4503.23301270,0.03119114,5679.95559584,5680.00673607,-0.05114023,14.00000000
141.00000000,Weak,1,1,NWPR,12.93135192,1,13.62205817,0.09701058,0,-0.00000000,1,1,4503.26230145,4503.26550326,-0.00320181,5719.11672504,5719.16542614,-0.04870110,14.00000000
142.00000000,Weak,1,1,NWPR,13.10901128,1,14.99670401,0.18103007,0,0.00000000,1,1,4503.36789856,4503.29677273,0.07112583,5758.28931892,5758.32439346,-0.03507454,14.00000000
143.00000000,Weak,1,1,NWPR,13.47860946,1,15.76459733,0.05551432,0,-0.00000000,1,1,4502.90148749,4503.32679021,-0.42530272,5797.45686726,5797.48362726,-0.02676000,14.00000000
144.00000000,Weak,1,1,NWPR,13.75904794,1,11.43111885,0.15038365,0,0.00000000,1,1,4503.17456412,4503.35552826,-0.18096414,5836.61761041,5836.64311654,-0.02550612,14.00000000
145.00000000,Weak,1,1,NWPR,13.85487306,1,15.58222297,0.35910090,0,0.00000000,1,1,4503.39155403,4503.38296291,0.00859112,5875.77764849,5875.80285006,-0.02520157,14.00000000
146.00000000,Weak,1,1,NWPR,13.95536992,1,7.57641283,0.23067070,0,-0.00000000,1,1,4503.19522227,4503.40907380,-0.21385153,5914.94222930,5914.96281640,-0.02058710,14.00000000
147.00000000,Weak,1,1,NWPR,13.76400551,1,11.36103792,0.13529518,0,0.00000000,1,1,4503.50050830,4503.43384417,0.06666413,5954.10871049,5954.12300398,-0.01429348,14.00000000
148.00000000,Weak,1,1,NWPR,13.59261594,1,9.58558641,0.05135321,0,0.00000000,1,1,4503.09075245,4503.45726095,-0.36650850,5993.27129767,5993.28340107,-0.01210340,14.00000000
149.00000000,Weak,1,1,NWPR,13.47698629,1,16.58398239,0.15566754,0,0.00000000,1,1,4502.84547865,4503.47931477,-0.63383611,6032.42844433,6032.44399587,-0.01555154,14.00000000
150.00000000,Weak,1,1,NWPR,13.50658677,1,11.94860915,0.15636308,0,0.00000000,1,1,4503.09289565,4503.50000000,-0.40710435,6071.59548118,6071.60477649,-0.00929531,14.00000000
151.00000000,Weak,1,1,NWPR,17.84948373,1,38.40035786,0.39533751,0,0.00000000,1,1,4503.20543896,4503.51931477,-0.31387580,6110.75815431,6110.76573103,-0.00757672,40.00000000
152.00000000,Weak,1,1,NWPR,29.21717428,1,38.90791956,0.36414336,0,-0.00000000,1,1,4503.30478595,4503.53726095,-0.23247500,6149.92124529,6149.92684756,-0.00560227,40.00000000
153.00000000,Weak,1,1,NWPR,35.45183373,1,39.44538523,0.41664322,0,-0.00000000,1,1,4503.39006659,4503.55384417,-0.16377758,6189.08494403,6189.08811422,-0.00317019,40.00000000
154.00000000,Weak,1,1,NWPR,37.93641624,1,39.08944167,0.51298482,0,-0.00000000,1,1,4503.45945182,4503.56907380,-0.10962198,6228.24865213,6228.24951919,-0.00086706,40.00000000
155.00000000,Weak,1,1,NWPR,38.86333517,1,39.63752886,0.63973011,0,0.00000000,1,1,4503.52556282,4503.58296291,-0.05740009,6267.41239600,6267.41105075,0.00134525,40.00000000
156.00000000,Weak,1,1,NWPR,39.30068220,1,39.37090417,0.77165306,0,0.00000000,1,1,4503.58365006,4503.59552826,-0.01187820,6306.57791759,6306.57269732,0.00522027,40.00000000
157.00000000,Weak,1,1,NWPR,39.35973644,1,39.27064704,0.89173669,0,0.00000000,1,1,4503.62727108,4503.60679021,0.02048087,6345.74156592,6345.73444746,0.00711845,40.00000000
158.00000000,Weak,1,1,NWPR,39.35768411,1,39.31109301,0.94438164,0,0.00000000,1,1,4503.66498579,4503.61677273,0.04821306,6384.90654190,6384.89628996,0.01025193,40.00000000
159.00000000,Weak,1,1,NWPR,39.42815607,1,39.38802691,0.91747851,0,0.00000000,1,1,4503.68520464,4503.62550326,0.05970138,6424.07067495,6424.05821380,0.01246116,40.00000000
160.00000000,Weak,1,1,NWPR,39.36171645,1,38.97137856,0.83154527,0,-0.00000000,1,1,4503.70100332,4503.63301270,0.06799062,6463.23448660,6463.22020822,0.01427839,40.00000000
161.00000000,Weak,1,1,NWPR,39.29233266,1,39.61576515,0.77092055,0,-0.00000000,1,1,4503.70959239,4503.63933528,0.07025710,6502.39774556,6502.38226275,0.01548281,40.00000000
162.00000000,Medium,1,1,NWPR,39.43719716,1,39.22050193,0.77607776,1,-0.23057941,1,1,4503.47451134,4503.64450850,-0.16999716,6541.56096220,6541.54436724,0.01659496,40.00000000
163.00000000,Medium,1,1,NWPR,39.29051369,1,39.03202564,0.87190888,1,-0.08033332,1,1,4503.68509746,4503.64857298,0.03652448,6580.72319337,6580.70651186,0.01668151,40.00000000
164.00000000,Medium,1,1,NWPR,39.32119103,1,39.47600918,0.94575410,1,-0.11064480,1,1,4503.68169108,4503.65157241,0.03011867,6619.88344654,6619.86868716,0.01475938,40.00000000
165.00000000,Medium,1,1,NWPR,39.50693579,1,39.53345821,0.96893163,1,-0.13225191,1,1,4503.69052194,4503.65355339,0.03696854,6659.04525881,6659.03088408,0.01437473,40.00000000
166.00000000,Medium,1,1,NWPR,39.50874327,1,39.65886337,0.96292480,1,-0.19692359,1,1,4503.63287573,4503.65456530,-0.02168957,6698.20520756,6698.19309397,0.01211359,40.00000000
167.00000000,Medium,1,1,NWPR,39.55599686,1,39.53347891,0.97462910,1,-0.21861301,1,1,4503.59224362,4503.65466020,-0.06241658,6737.36317026,6737.35530864,0.00786161,40.00000000
168.00000000,Strong,1,1,NWPR,39.48198046,1,39.28762349,0.94246225,1,-0.45658991,1,1,4503.16466193,4503.65389263,-0.48923069,6776.52583862,6776.51752035,0.00831828,40.00000000
169.00000000,Strong,1,1,NWPR,39.46720630,1,39.69709849,0.66475726,1,0.16060840,1,1,4503.75098069,4503.65231952,0.09866117,6815.68760832,6815.67972183,0.00788649,40.00000000
170.00000000,Strong,1,1,NWPR,39.47247389,1,39.43214701,0.84520187,1,0.02662463,1,1,4503.64065422,4503.65000000,-0.00934578,6854.84712466,6854.84190635,0.00521831,40.00000000
171.00000000,Strong,1,1,NWPR,39.48877848,1,39.51841552,0.93373038,1,0.15939361,1,1,4503.81674205,4503.64699525,0.16974680,6894.00702654,6894.00406767,0.00295887,40.00000000
172.00000000,Strong,1,1,NWPR,39.60038312,1,39.31220856,0.96831346,1,-0.17265146,1,1,4503.49105948,4503.64336832,-0.15230884,6933.16963114,6933.16620011,0.00343103,40.00000000
173.00000000,Strong,1,1,NWPR,39.61990326,1,38.99120165,0.98312213,1,-0.11472334,1,1,4503.54424698,4503.63918397,-0.09493699,6972.33085889,6972.32829855,0.00256034,40.00000000
174.00000000,Strong,1,1,NWPR,39.41317640,1,39.37977758,0.98844888,1,0.02929161,1,1,4503.66764096,4503.63450850,0.03313246,7011.49201357,7011.49035841,0.00165516,40.00000000
175.00000000,Strong,1,1,NWPR,39.46527007,1,39.76229457,0.98874321,1,-0.00565188,1,1,4503.61301234,4503.62940952,-0.01639719,7050.65359520,7050.65237573,0.00121947,40.00000000
176.00000000,Strong,1,1,NWPR,39.45976368,1,39.99839512,0.98863143,1,-0.05444294,1,1,4503.55396056,4503.62395585,-0.06999528,7089.81488000,7089.81434711,0.00053288,40.00000000
177.00000000,Strong,1,1,NWPR,39.43964889,1,39.43481252,0.99117256,1,-0.05817225,1,1,4503.55348796,4503.61821723,-0.06472927,7128.97740152,7128.97626979,0.00113174,40.00000000
178.00000000,Strong,1,1,NWPR,39.61655604,1,39.64592889,0.98820676,1,0.16363362,1,1,4503.78371344,4503.61226423,0.17144921,7168.13937920,7168.13814158,0.00123762,40.00000000
179.00000000,Strong,1,1,NWPR,39.51864609,1,39.62168673,0.98886554,1,0.05764315,1,1,4503.66848850,4503.60616798,0.06232052,7207.30208143,7207.29996092,0.00212050,40.00000000
180.00000000,Strong,1,1,NWPR,39.41438392,1,39.08035957,0.98719891,1,0.05192815,1,1,4503.65644161,4503.60000000,0.05644161,7246.46415207,7246.46172690,0.00242517,40.00000000
181.00000000,Strong,1,1,NWPR,39.47784587,1,40.30587473,0.98962689,1,-0.06831478,1,1,4503.52203242,4503.59383202,-0.07179960,7285.62782958,7285.62343918,0.00439040,40.00000000
182.00000000,Strong,1,1,NWPR,39.63555581,1,39.06316710,0.99090940,1,-0.00983890,1,1,4503.57785157,4503.58773577,-0.00988420,7324.78631160,7324.78509810,0.00121350,40.00000000
183.00000000,Strong,1,1,NWPR,39.56827290,1,38.77784627,0.98969117,1,0.01138459,1,1,4503.59175991,4503.58178277,0.00997714,7363.94641738,7363.94670457,-0.00028719,40.00000000
184.00000000,Strong,1,1,NWPR,39.48208604,1,39.23175857,0.99190657,1,0.03441534,1,1,4503.61125107,4503.57604415,0.03520691,7403.10963533,7403.10826016,0.00137517,40.00000000
185.00000000,Strong,1,1,NWPR,39.42536856,1,39.68880212,0.98828074,1,-0.00537741,1,1,4503.56521781,4503.57059048,-0.00537267,7442.27122771,7442.26976703,0.00146067,40.00000000
186.00000000,Strong,1,1,NWPR,39.39031751,1,38.86761516,0.98941365,1,-0.04771757,1,1,4503.51525654,4503.56549150,-0.05023496,7481.43182551,7481.43122798,0.00059754,40.00000000
187.00000000,Strong,1,1,NWPR,39.33582387,1,39.64901461,0.98984893,1,-0.09697754,1,1,4503.46422753,4503.56081603,-0.09658850,7520.59093447,7520.59264637,-0.00171190,40.00000000
188.00000000,Strong,1,1,NWPR,39.48942434,1,39.75799839,0.98895591,1,-0.01883771,1,1,4503.53465454,4503.55663168,-0.02197714,7559.75379239,7559.75402620,-0.00023381,40.00000000
189.00000000,Strong,1,1,NWPR,39.65228215,1,39.85255864,0.98589315,1,-0.12899466,1,1,4503.41561559,4503.55300475,-0.13738916,7598.91273017,7598.91537202,-0.00264185,40.00000000
190.00000000,Strong,1,1,NWPR,39.76253037,1,39.60107028,0.98761503,1,-0.00803866,1,1,4503.53927401,4503.55000000,-0.01072599,7638.07533197,7638.07668896,-0.00135698,40.00000000
191.00000000,Strong,1,1,NWPR,39.64730237,1,39.48076959,0.98740562,1,0.00357631,1,1,4503.55331927,4503.54768048,0.00563879,7677.23703894,7677.23798270,-0.00094376,40.00000000
192.00000000,Strong,1,1,NWPR,39.52214095,1,39.26811562,0.98641612,1,0.14977126,1,1,4503.70411415,4503.54610737,0.15800678,7716.39799125,7716.39925948,-0.00126822,40.00000000
193.00000000,Strong,1,1,NWPR,39.56264906,1,39.63109841,0.98521393,1,0.03236037,1,1,4503.57711411,4503.54533980,0.03177431,7755.56014306,7755.56052603,-0.00038297,40.00000000
194.00000000,Strong,1,1,NWPR,39.60972843,1,39.95613286,0.98737957,1,-0.09922101,1,1,4503.43508076,4503.54543470,-0.11035394,7794.72310603,7794.72178963,0.00131641,40.00000000
195.00000000,Strong,1,1,NWPR,39.64094623,1,40.04220473,0.98870657,1,-0.07034245,1,1,4503.46847897,4503.54644661,-0.07796764,7833.88529706,7833.88305799,0.00223907,40.00000000
196.00000000,Strong,1,1,NWPR,39.50506889,1,40.02825162,0.98983322,1,0.03684420,1,1,4503.58578742,4503.54842759,0.03735983,7873.04715874,7873.04433933,0.00281941,40.00000000
197.00000000,Strong,1,1,NWPR,39.43852350,1,39.59669209,0.98950393,1,0.11743211,1,1,4503.67591400,4503.55142702,0.12448699,7912.20786605,7912.20564229,0.00222375,40.00000000
198.00000000,Strong,1,1,NWPR,39.55560075,1,39.20822440,0.98743567,1,-0.02009152,1,1,4503.53195344,4503.55549150,-0.02353806,7951.36797776,7951.36697593,0.00100183,40.00000000
199.00000000,Strong,1,1,NWPR,39.54755656,1,39.70537589,0.98814927,1,-0.06740645,1,1,4503.49172830,4503.56066472,-0.06893641,7990.53068453,7990.52834971,0.00233482,40.00000000
200.00000000,Strong,1,1,NWPR,39.51640102,1,39.72904543,0.98730275,1,-0.00037164,1,1,4503.56895059,4503.56698730,0.00196329,8029.69033275,8029.68977343,0.00055932,40.00000000
201.00000000,Strong,1,1,NWPR,39.47965940,1,39.05032327,0.98656305,1,-0.03736086,1,1,4503.53902151,4503.57449674,-0.03547523,8068.85372988,8068.85125727,0.00247260,40.00000000
202.00000000,Strong,1,1,NWPR,39.30649268,1,38.65052870,0.98876501,1,0.03122576,1,1,4503.61390506,4503.58322727,0.03067779,8108.01342899,8108.01281170,0.00061729,40.00000000
203.00000000,Strong,1,1,NWPR,39.32068587,1,39.28481981,0.99112900,1,-0.04841586,1,1,4503.53935342,4503.59320979,-0.05385637,8147.17413747,8147.17444746,-0.00030999,40.00000000
204.00000000,Strong,1,1,NWPR,39.40360563,1,39.47973381,0.98938967,1,0.01144560,1,1,4503.61353743,4503.60447174,0.00906569,8186.33443458,8186.33617558,-0.00174100,40.00000000
205.00000000,Strong,1,1,NWPR,39.52264130,1,40.04431361,0.99160278,1,0.00860671,1,1,4503.62213705,4503.61703709,0.00509997,8225.49719585,8225.49800727,-0.00081142,40.00000000
206.00000000,Strong,1,1,NWPR,39.57088182,1,39.05803016,0.98570073,1,0.11555142,1,1,4503.74312686,4503.63092620,0.11220066,8264.65958647,8264.65995397,-0.00036751,40.00000000
207.00000000,Strong,1,1,NWPR,39.47625896,1,39.93705692,0.98575727,1,0.08278985,1,1,4503.73313591,4503.64615583,0.08698008,8303.82169172,8303.82202727,-0.00033554,40.00000000
208.00000000,Strong,1,1,NWPR,39.66536488,1,39.41842152,0.98726300,1,-0.11368471,1,1,4503.54736307,4503.66273905,-0.11537599,8342.98196117,8342.98423887,-0.00227770,40.00000000
209.00000000,Strong,1,1,NWPR,39.60370163,1,39.11557273,0.98699046,1,0.13096681,1,1,4503.81562340,4503.68068523,0.13493817,8382.14728988,8382.14660059,0.00068928,40.00000000
210.00000000,Strong,1,1,NWPR,39.52874315,1,40.01483413,0.98878952,1,0.00807418,1,1,4503.70527881,4503.70000000,0.00527881,8421.30880598,8421.30912432,-0.00031833,40.00000000
211.00000000,Strong,1,1,NWPR,39.60974440,1,39.43307022,0.98566288,1,0.02101988,1,1,4503.73972204,4503.72068523,0.01903680,8460.46982956,8460.47182196,-0.00199240,40.00000000
212.00000000,Strong,1,1,NWPR,39.55690396,1,39.95225988,0.99052552,1,0.04427499,1,1,4503.78609722,4503.74273905,0.04335816,8499.63529858,8499.63470542,0.00059316,40.00000000
213.00000000,Strong,1,1,NWPR,39.71637547,1,39.50906987,0.99041957,1,-0.10238046,1,1,4503.66394260,4503.76615583,-0.10221323,8538.79834783,8538.79778659,0.00056125,40.00000000
214.00000000,Strong,1,1,NWPR,39.68412506,1,39.20113159,0.98918471,1,-0.16507159,1,1,4503.62200920,4503.79092620,-0.16891700,8577.96013711,8577.96107727,-0.00094016,40.00000000
215.00000000,Strong,1,1,NWPR,39.61806537,1,40.34353221,0.98931046,1,0.02326480,1,1,4503.83751595,4503.81703709,0.02047886,8617.12068397,8617.12458919,-0.00390522,40.00000000
216.00000000,Strong,1,1,NWPR,39.55440226,1,38.99896253,0.98895292,1,0.08548658,1,1,4503.93303800,4503.84447174,0.08856626,8656.28492536,8656.28833393,-0.00340856,40.00000000
217.00000000,Strong,1,1,NWPR,39.41418042,1,39.21214136,0.98952683,1,-0.00979326,1,1,4503.85484619,4503.87320979,-0.01836360,8695.44896455,8695.45232291,-0.00335836,40.00000000
218.00000000,Strong,1,1,NWPR,39.43115509,1,39.60133938,0.98729159,1,0.07337612,1,1,4503.98193863,4503.90322727,0.07871135,8734.61332292,8734.61656737,-0.00324446,40.00000000
219.00000000,Strong,1,1,NWPR,39.65425168,1,38.80287164,0.98861860,1,0.25789141,1,1,4504.20445146,4503.93449674,0.26995473,8773.77840262,8773.78107832,-0.00267570,40.00000000
220.00000000,Strong,1,1,NWPR,39.49022423,1,39.43246999,0.98747389,1,0.09490797,1,1,4504.06623519,4503.96698730,0.09924790,8812.94393375,8812.94586651,-0.00193276,40.00000000
221.00000000,Strong,1,1,NWPR,39.44358732,1,39.74666308,0.98831300,1,-0.02079635,1,1,4503.97851288,4504.00066472,-0.02215184,8852.11075942,8852.11094241,-0.00018299,40.00000000
222.00000000,Strong,1,1,NWPR,39.64669638,1,39.72038957,0.98751323,1,-0.05437101,1,1,4503.97543393,4504.03549150,-0.06005758,8891.27489483,8891.27631618,-0.00142135,40.00000000
223.00000000,Strong,1,1,NWPR,39.67385085,1,39.33817750,0.98862831,1,0.08578321,1,1,4504.15826988,4504.07142702,0.08684286,8930.44200759,8930.44199765,0.00000994,40.00000000
224.00000000,Strong,1,1,NWPR,39.57000480,1,39.04403851,0.98789484,1,0.00677783,1,1,4504.11516842,4504.10842759,0.00674083,8969.60800516,8969.60799626,0.00000890,40.00000000
225.00000000,Strong,1,1,NWPR,39.43503089,1,39.22922033,0.98581613,1,0.15931968,1,1,4504.31446762,4504.14644661,0.16802101,9008.77502758,9008.77432108,0.00070650,40.00000000
226.00000000,Strong,1,1,NWPR,39.50830055,1,39.49458020,0.98746159,1,0.06597989,1,1,4504.25498794,4504.18543470,0.06955324,9047.93911285,9047.94098075,-0.00186790,40.00000000
227.00000000,Strong,1,1,NWPR,39.63498682,1,40.12008543,0.98807054,1,-0.12596306,1,1,4504.09044887,4504.22533980,-0.13489093,9087.10738523,9087.10798347,-0.00059824,40.00000000
228.00000000,Strong,1,1,NWPR,39.71366381,1,39.08923447,0.99010446,1,0.03190361,1,1,4504.29631249,4504.26610737,0.03020511,9126.27398245,9126.27533699,-0.00135453,40.00000000
229.00000000,Strong,1,1,NWPR,39.58866708,1,39.89975703,0.98797692,1,-0.13499490,1,1,4504.17002244,4504.30768048,-0.13765804,9165.44229759,9165.44304854,-0.00075095,40.00000000
230.00000000,Strong,1,1,NWPR,39.62964628,1,39.41566783,0.98540270,1,0.12121153,1,1,4504.47823751,4504.35000000,0.12823751,9204.61020572,9204.61112490,-0.00091917,40.00000000
231.00000000,Strong,1,1,NWPR,39.46012124,1,39.00691698,0.98875588,1,0.09556573,1,1,4504.49354222,4504.39300475,0.10053747,9243.77806353,9243.77957227,-0.00150874,40.00000000
232.00000000,Strong,1,1,NWPR,39.31298555,1,39.19053305,0.98886199,1,0.00762737,1,1,4504.44507592,4504.43663168,0.00844424,9282.94898389,9282.94839635,0.00058755,40.00000000
233.00000000,Strong,1,1,NWPR,39.47059833,1,39.20257445,0.98697809,1,-0.03203893,1,1,4504.44525567,4504.48081603,-0.03556035,9322.11785418,9322.11760226,0.00025192,40.00000000
234.00000000,Strong,1,1,NWPR,39.45814959,1,38.92153727,0.98904948,1,0.01217373,1,1,4504.53754771,4504.52549150,0.01205621,9361.28447443,9361.28719457,-0.00272015,40.00000000
235.00000000,Strong,1,1,NWPR,39.37984393,1,40.20048872,0.98855842,1,0.11180258,1,1,4504.68883830,4504.57059048,0.11824782,9400.45551408,9400.45717726,-0.00166318,40.00000000
236.00000000,Strong,1,1,NWPR,39.53414191,1,39.26059178,0.98953139,1,-0.13295846,1,1,4504.48017208,4504.61604415,-0.13587208,9439.62780273,9439.62755370,0.00024904,40.00000000
237.00000000,Strong,1,1,NWPR,39.48980265,1,39.03974288,0.98920317,1,-0.12700749,1,1,4504.53449714,4504.66178277,-0.12728563,9478.79934675,9478.79832668,0.00102007,40.00000000
238.00000000,Strong,1,1,NWPR,39.57179666,1,39.88148523,0.98991172,1,0.01368589,1,1,4504.72129279,4504.70773577,0.01355702,9517.97203409,9517.96949837,0.00253572,40.00000000
239.00000000,Strong,1,1,NWPR,39.64702348,1,39.27309842,0.98824279,1,0.14364042,1,1,4504.89970929,4504.75383202,0.14587726,9557.14061873,9557.14107032,-0.00045159,40.00000000
240.00000000,Strong,1,1,NWPR,39.48758167,1,39.02124299,0.98830245,1,-0.06858913,1,1,4504.73011119,4504.80000000,-0.06988881,9596.31017334,9596.31304348,-0.00287013,40.00000000
241.00000000,Strong,1,1,NWPR,39.34287601,1,39.94699668,0.98775889,1,0.12817887,1,1,4504.98256989,4504.84616798,0.13640191,9635.48268182,9635.48541815,-0.00273633,40.00000000
242.00000000,Strong,1,1,NWPR,39.44126263,1,38.69721088,0.98784595,1,-0.17110937,1,1,4504.71322191,4504.89226423,-0.17904232,9674.65776142,9674.65819402,-0.00043260,40.00000000
243.00000000,Strong,1,1,NWPR,39.35980356,1,39.72979910,0.98820306,1,-0.10127689,1,1,4504.83169333,4504.93821723,-0.10652390,9713.83179025,9713.83137015,0.00042010,40.00000000
244.00000000,Strong,1,1,NWPR,39.57643039,1,40.03856327,0.98900047,1,0.05173100,1,1,4505.04273029,4504.98395585,0.05877445,9753.00540631,9753.00494500,0.00046131,40.00000000
245.00000000,Strong,1,1,NWPR,39.60140325,1,39.57127359,0.98840623,1,-0.13763884,1,1,4504.88344360,4505.02940952,-0.14596592,9792.18069333,9792.17891639,0.00177695,40.00000000
246.00000000,Strong,1,1,NWPR,39.59284600,1,39.67644964,0.98612820,1,0.18052167,1,1,4505.25989615,4505.07450850,0.18538765,9831.35385621,9831.35328153,0.00057468,40.00000000
247.00000000,Strong,1,1,NWPR,39.54221412,1,39.66837272,0.98657923,1,0.07328232,1,1,4505.19703413,4505.11918397,0.07785016,9870.52830499,9870.52803705,0.00026795,40.00000000
248.00000000,Strong,1,1,NWPR,39.56589675,1,40.00116239,0.98637698,1,-0.04103985,1,1,4505.12837789,4505.16336832,-0.03499043,9909.70282675,9909.70317896,-0.00035221,40.00000000
249.00000000,Strong,1,1,NWPR,39.65671505,1,39.89088386,0.98489887,1,-0.26995656,1,1,4504.93183041,4505.20699525,-0.27516484,9948.87979869,9948.87870270,0.00109599,40.00000000
250.00000000,Strong,1,1,NWPR,39.63573024,1,39.01335629,0.98694865,1,0.03899419,1,1,4505.29322977,4505.25000000,0.04322977,9988.05652585,9988.05460316,0.00192269,40.00000000
251.00000000,Strong,1,1,NWPR,39.58459776,1,38.93170466,0.98868666,1,0.02589762,1,1,4505.31808503,4505.29231952,0.02576552,10027.23288606,10027.23087463,0.00201143,40.00000000
252.00000000,Strong,1,1,NWPR,39.48447866,1,39.47259587,0.98880140,1,-0.19953029,1,1,4505.12765537,4505.33389263,-0.20623725,10066.41015355,10066.40751090,0.00264265,40.00000000
253.00000000,Strong,1,1,NWPR,39.52781884,1,39.73382952,0.98997397,1,-0.06176964,1,1,4505.31265285,4505.37466020,-0.06200734,10105.58722484,10105.58450521,0.00271963,40.00000000
254.00000000,Strong,1,1,NWPR,39.54485006,1,39.70732132,0.99035561,1,0.12982582,1,1,4505.55255115,4505.41456530,0.13798585,10144.76458820,10144.76185032,0.00273789,40.00000000
255.00000000,Strong,1,1,NWPR,39.56028176,1,38.84220206,0.99022213,1,-0.17268062,1,1,4505.27397302,4505.45355339,-0.17958037,10183.94192954,10183.93953847,0.00239107,40.00000000
256.00000000,Strong,1,1,NWPR,39.35814944,1,39.66398843,0.98851416,1,0.14201917,1,1,4505.63511439,4505.49157241,0.14354198,10223.12094926,10223.11756148,0.00338778,40.00000000
257.00000000,Strong,1,1,NWPR,39.35555032,1,39.64006999,0.98839613,1,0.04714439,1,1,4505.57845181,4505.52857298,0.04987883,10262.29867120,10262.29591069,0.00276051,40.00000000
258.00000000,Strong,1,1,NWPR,39.45068748,1,38.82176522,0.98894415,1,-0.03420727,1,1,4505.53166331,4505.56450850,-0.03284519,10301.47789367,10301.47457705,0.00331662,40.00000000
259.00000000,Strong,1,1,NWPR,39.49423855,1,40.03315046,0.98801552,1,0.08389253,1,1,4505.68802010,4505.59933528,0.08868482,10340.65586376,10340.65355110,0.00231266,40.00000000
260.00000000,Strong,1,1,NWPR,39.51646859,1,39.36266751,0.98869042,1,0.22818333,1,1,4505.87344920,4505.63301270,0.24043650,10379.83797676,10379.83282303,0.00515373,40.00000000
261.00000000,Strong,1,1,NWPR,39.36566672,1,39.67868656,0.99014204,1,0.06899559,1,1,4505.74227088,4505.66550326,0.07676762,10419.01690351,10419.01238267,0.00452085,40.00000000
262.00000000,Strong,1,1,NWPR,39.52394952,1,39.51973535,0.98957406,1,0.05486334,1,1,4505.75471412,4505.69677273,0.05794139,10458.19915631,10458.19221955,0.00693676,40.00000000
263.00000000,Strong,1,1,NWPR,39.41482634,1,39.39789115,0.98932002,1,0.02212111,1,1,4505.74825210,4505.72679021,0.02146189,10497.37753546,10497.37232291,0.00521255,40.00000000
264.00000000,Strong,1,1,NWPR,39.44214979,1,39.41154035,0.98838147,1,-0.14401945,1,1,4505.60400952,4505.75552826,-0.15151874,10536.55734664,10536.55268175,0.00466489,40.00000000
265.00000000,Strong,1,1,NWPR,39.45480347,1,39.50979280,0.98927700,1,-0.05337887,1,1,4505.72673643,4505.78296291,-0.05622649,10575.74029322,10575.73328484,0.00700837,40.00000000
266.00000000,Strong,1,1,NWPR,39.59021115,1,40.01128764,0.99035402,1,0.02254462,1,1,4505.83402375,4505.80907380,0.02494995,10614.91914229,10614.91412075,0.00502154,40.00000000
267.00000000,Strong,1,1,NWPR,39.63899520,1,39.35869796,0.98989464,1,0.02475523,1,1,4505.86376153,4505.83384417,0.02991736,10654.10093041,10654.09517789,0.00575252,40.00000000
268.00000000,Strong,1,1,NWPR,39.53102192,1,38.99409194,0.98781091,1,-0.03368038,1,1,4505.82399828,4505.85726095,-0.03326266,10693.28276635,10693.27644455,0.00632180,40.00000000
269.00000000,Strong,1,1,NWPR,39.50163699,1,39.25070422,0.98559154,1,0.12371094,1,1,4506.01352967,4505.87931477,0.13421490,10732.46128886,10732.45790891,0.00337995,40.00000000
270.00000000,Strong,1,1,NWPR,39.48889506,1,39.52994283,0.98703674,1,0.04613975,1,1,4505.94953603,4505.90000000,0.04953603,10771.64117147,10771.63955910,0.00161237,40.00000000
271.00000000,Strong,1,1,NWPR,32.62260821,1,15.86902259,0.96679532,1,0.63443503,1,1,4506.69894350,4505.91931477,0.77962874,10810.80792827,10810.82138320,-0.01345493,14.00000000
272.00000000,Weak,1,1,NWPR,26.40929727,1,3.68912679,0.91982573,0,0.00000000,0,0,4504.96448625,4505.93726095,-0.97277469,10849.97694116,10850.00336930,-0.02642815,14.00000000
273.00000000,Weak,1,1,NWPR,26.40929727,1,3.68912679,0.77587736,0,-0.00000000,0,1,4504.80965509,4505.95384417,-1.14418908,10889.15076723,10889.18550553,-0.03473829,14.00000000
274.00000000,Weak,1,1,NWPR,26.40929727,1,3.68912679,0.58633653,0,0.00000000,1,1,4504.08311423,4505.96907380,-1.88595957,10928.30984684,10928.36778006,-0.05793322,14.00000000
275.00000000,Weak,1,1,NWPR,26.40929727,1,3.68912679,0.32090780,0,-0.00000000,1,1,4504.23866355,4505.98296291,-1.74429936,10967.46955468,10967.55018119,-0.08062650,14.00000000
276.00000000,Weak,1,0,NWPR,26.40929727,1,3.68912679,0.18229336,0,0.00000000,1,1,4504.34010074,4505.99552826,-1.65542751,11006.65264980,11006.73269732,-0.08004752,14.00000000
277.00000000,Weak,1,0,NWPR,26.40929727,1,9.64563040,0.12774983,0,0.00000000,1,1,4504.73304502,4506.00679021,-1.27374519,11045.82556734,11045.91531703,-0.08974969,14.00000000
278.00000000,Weak,1,0,NWPR,26.40929727,1,8.60883291,0.11932900,0,0.00000000,1,1,4504.93934931,4506.01677273,-1.07742342,11085.00028268,11085.09802909,-0.09774641,14.00000000
279.00000000,Weak,1,0,NWPR,26.40929727,1,10.41220516,0.12453280,0,-0.00000000,1,1,4505.15445602,4506.02550326,-0.87104725,11124.19195215,11124.28082249,-0.08887034,14.00000000
280.00000000,Weak,1,0,NWPR,26.40929727,1,14.66074735,0.05175770,0,-0.00000000,1,1,4505.05057106,4506.03301270,-0.98244164,11163.37892762,11163.46368648,-0.08475886,14.00000000
281.00000000,Weak,1,0,NWPR,26.40929727,1,14.61817847,0.15978341,0,-0.00000000,1,1,4504.77850026,4506.03933528,-1.26083502,11202.55340356,11202.64661058,-0.09320702,14.00000000
282.00000000,Weak,1,0,NWPR,26.40929727,1,11.36490822,0.12322967,0,-0.00000000,1,1,4504.89877725,4506.04450850,-1.14573124,11241.74173655,11241.82958463,-0.08784808,14.00000000
283.00000000,Weak,1,1,NWPR,17.64629438,1,9.32018832,0.09586286,0,0.00000000,1,1,4504.92967236,4506.04857298,-1.11890062,11280.92243137,11281.01259881,-0.09016744,14.00000000
284.00000000,Weak,1,1,NWPR,12.88413162,1,14.26385404,0.20280703,0,0.00000000,1,1,4504.95298532,4506.05157241,-1.09858709,11320.10713073,11320.19564368,-0.08851295,14.00000000
285.00000000,Weak,1,1,NWPR,11.49024255,1,11.84106887,0.12602075,0,0.00000000,1,1,4505.30812016,4506.05355339,-0.74543323,11359.28936530,11359.37871016,-0.08934487,14.00000000
286.00000000,Weak,1,1,NWPR,11.37664156,1,16.42686796,0.18420380,0,0.00000000,1,1,4505.47153178,4506.05456530,-0.58303353,11398.47556414,11398.56178963,-0.08622549,14.00000000
287.00000000,Weak,1,1,NWPR,11.68170884,1,10.41803828,0.23032949,0,0.00000000,1,1,4505.34231682,4506.05466020,-0.71234338,11437.65847483,11437.74487386,-0.08639903,14.00000000
288.00000000,Weak,1,1,NWPR,12.00458723,1,17.24522317,0.03344995,0,-0.00000000,1,1,4505.70473351,4506.05389263,-0.34915912,11476.84177021,11476.92795513,-0.08618492,14.00000000
289.00000000,Weak,1,1,NWPR,12.59356876,1,15.60585628,0.14975549,0,-0.00000000,1,1,4505.82969667,4506.05231952,-0.22262285,11516.01887617,11516.11102618,-0.09215001,14.00000000
290.00000000,Weak,1,1,NWPR,13.04462721,1,13.44288439,0.02565455,0,-0.00000000,1,1,4506.04987097,4506.05000000,-0.00012903,11555.19072343,11555.29408026,-0.10335683,14.00000000
291.00000000,Weak,1,1,NWPR,13.18567867,1,12.79757050,0.08245113,0,0.00000000,1,1,4505.97260492,4506.04699525,-0.07439033,11594.38104243,11594.47711115,-0.09606872,14.00000000
292.00000000,Weak,1,1,NWPR,13.19755376,1,14.65841736,0.11814744,0,0.00000000,1,1,4505.87734311,4506.04336832,-0.16602521,11633.57515890,11633.66011316,-0.08495426,14.00000000
293.00000000,Weak,1,1,NWPR,13.39445696,1,15.29236512,0.15934905,0,0.00000000,1,1,4506.11897765,4506.03918397,0.07979367,11672.77862507,11672.84308116,-0.06445609,14.00000000
294.00000000,Weak,1,1,NWPR,13.63757157,1,9.19197067,0.11271752,0,0.00000000,1,1,4506.16519416,4506.03450850,0.13068566,11711.98104962,11712.02601059,-0.04496097,14.00000000
295.00000000,Weak,1,1,NWPR,13.75210563,1,12.86298968,0.20777464,0,-0.00000000,1,1,4506.19540773,4506.02940952,0.16599821,11751.17464179,11751.20889747,-0.03425568,14.00000000
296.00000000,Weak,1,1,NWPR,13.81982279,1,11.64743316,0.23516849,0,-0.00000000,1,1,4506.26946536,4506.02395585,0.24550951,11790.36024436,11790.39173842,-0.03149406,14.00000000
297.00000000,Weak,1,1,NWPR,13.72005066,1,13.60342720,0.20345159,0,-0.00000000,1,1,4506.18172525,4506.01821723,0.16350801,11829.52878310,11829.57453066,-0.04574755,14.00000000
298.00000000,Weak,1,1,NWPR,13.71621447,1,13.21594095,0.19262994,0,-0.00000000,1,1,4506.20270456,4506.01226423,0.19044033,11868.71112386,11868.75727201,-0.04614815,14.00000000
299.00000000,Weak,1,1,NWPR,13.44575238,1,12.28584866,0.09811542,0,0.00000000,1,1,4506.22309773,4506.00616798,0.21692975,11907.89946796,11907.93996092,-0.04049297,14.00000000
300.00000000,Weak,1,1,NWPR,13.20998186,1,10.73489382,0.07022299,0,-0.00000000,1,1,4506.13800682,4506.00000000,0.13800682,11947.09402380,11947.12259646,-0.02857266,14.00000000
301.00000000,Weak,1,1,NWPR,18.35634045,1,39.27043339,0.85546139,0,-0.00000000,1,1,4506.13702544,4505.99383202,0.14319342,11986.28710962,11986.30517831,-0.01806870,40.00000000
302.00000000,Weak,1,1,NWPR,29.24917169,1,39.27541164,0.61969851,0,-0.00000000,1,1,4506.11764400,4505.98773577,0.12990823,12025.47683186,12025.48770679,-0.01087494,40.00000000
303.00000000,Weak,1,1,NWPR,35.65671140,1,39.43335657,0.55601307,0,-0.00000000,1,1,4506.10549875,4505.98178277,0.12371598,12064.66690376,12064.67018283,-0.00327907,40.00000000
304.00000000,Weak,1,1,NWPR,38.14409334,1,39.43932083,0.56424138,0,-0.00000000,1,1,4506.07819061,4505.97604415,0.10214645,12103.85546957,12103.85260798,0.00286159,40.00000000
305.00000000,Weak,1,1,NWPR,39.00449980,1,39.38782586,0.64307541,0,0.00000000,1,1,4506.05546129,4505.97059048,0.08487082,12143.04200438,12143.03498442,0.00701996,40.00000000
306.00000000,Weak,1,1,NWPR,39.30473577,1,39.29355418,0.68783737,0,0.00000000,1,1,4506.02943180,4505.96549150,0.06394030,12182.22852376,12182.21731493,0.01120882,40.00000000
307.00000000,Weak,1,1,NWPR,39.48480343,1,39.92203193,0.75662413,0,0.00000000,1,1,4506.00983154,4505.96081603,0.04901551,12221.41377092,12221.39960290,0.01416803,40.00000000
308.00000000,Weak,1,1,NWPR,39.66673107,1,39.65713979,0.81135090,0,0.00000000,1,1,4506.00207067,4505.95663168,0.04543899,12260.59811783,12260.58185229,0.01626554,40.00000000
309.00000000,Weak,1,1,NWPR,39.61035368,1,39.29389804,0.84394488,0,0.00000000,1,1,4505.98447668,4505.95300475,0.03147193,12299.78443953,12299.76406767,0.02037186,40.00000000
310.00000000,Weak,1,1,NWPR,39.39525386,1,39.18680517,0.89524602,0,0.00000000,1,1,4505.97358507,4505.95000000,0.02358507,12338.96768255,12338.94625417,0.02142838,40.00000000
311.00000000,Weak,1,1,NWPR,39.34026939,1,39.28378310,0.92890907,0,0.00000000,1,1,4505.96713526,4505.94768048,0.01945478,12378.15160549,12378.12841748,0.02318800,40.00000000
312.00000000,Medium,1,1,NWPR,39.31565727,1,38.94203745,0.92614144,1,0.20389394,1,1,4506.17417661,4505.94610737,0.22806924,12417.33438095,12417.31056382,0.02381712,40.00000000
313.00000000,Medium,1,1,NWPR,39.24160408,1,39.92349045,0.69917388,1,0.04870235,1,1,4505.95650918,4505.94533980,0.01116938,12456.51583394,12456.49269995,0.02313400,40.00000000
314.00000000,Medium,1,1,NWPR,39.47296995,1,39.44292382,0.84441684,1,0.04291767,1,1,4505.94243814,4505.94543470,-0.00299656,12495.69604878,12495.67483310,0.02121568,40.00000000
315.00000000,Medium,1,1,NWPR,39.45940163,1,39.46317561,0.92844577,1,0.04272580,1,1,4505.94240855,4505.94644661,-0.00403805,12534.87386834,12534.85697103,0.01689731,40.00000000
316.00000000,Medium,1,1,NWPR,39.45166413,1,39.35817399,0.96732834,1,0.03569287,1,1,4505.91290963,4505.94842759,-0.03551796,12574.05391225,12574.03912194,0.01479031,40.00000000
317.00000000,Medium,1,1,NWPR,39.49494788,1,39.50599554,0.96176024,1,0.09133304,1,1,4505.94691083,4505.95142702,-0.00451619,12613.23183829,12613.22129447,0.01054383,40.00000000
318.00000000,Strong,1,1,NWPR,39.58973324,1,39.58188055,0.95407527,1,0.45850829,1,1,4506.46333531,4505.95549150,0.50784380,12652.41172688,12652.40349767,0.00822921,40.00000000
319.00000000,Strong,1,1,NWPR,39.57770593,1,40.29589438,0.88187142,1,-0.08875129,1,1,4505.91335925,4505.96066472,-0.04730547,12691.59006830,12691.58574101,0.00432729,40.00000000
320.00000000,Strong,1,1,NWPR,39.68896758,1,39.66292023,0.93640959,1,0.03438931,1,1,4506.01637147,4505.96698730,0.04938417,12730.77072856,12730.76803430,0.00269426,40.00000000
321.00000000,Strong,1,1,NWPR,39.52557981,1,39.53132355,0.96693536,1,0.00860920,1,1,4505.96751834,4505.97449674,-0.00697840,12769.95525308,12769.95038771,0.00486537,40.00000000
322.00000000,Strong,1,1,NWPR,39.57865000,1,39.84373329,0.98334519,1,0.11624179,1,1,4506.08242238,4505.98322727,0.09919511,12809.13597737,12809.13281170,0.00316567,40.00000000
323.00000000,Strong,1,1,NWPR,39.74777238,1,39.97302500,0.98476537,1,0.08643382,1,1,4506.07677320,4505.99320979,0.08356341,12848.31738098,12848.31531703,0.00206395,40.00000000
324.00000000,Strong,1,1,NWPR,39.76197341,1,40.03573543,0.99008292,1,0.03253147,1,1,4506.03792409,4506.00447174,0.03345235,12887.49938462,12887.49791471,0.00146991,40.00000000
325.00000000,Strong,1,1,NWPR,39.65329707,1,39.86937641,0.99207032,1,-0.08163879,1,1,4505.94077268,4506.01703709,-0.07626440,12926.68084408,12926.68061597,0.00022812,40.00000000
326.00000000,Strong,1,1,NWPR,39.58051194,1,39.37096628,0.99018884,1,-0.12805321,1,1,4505.89987660,4506.03092620,-0.13104960,12965.86404319,12965.86343223,0.00061096,40.00000000
327.00000000,Strong,1,1,NWPR,39.59221652,1,39.71888127,0.98981894,1,-0.03706989,1,1,4506.00686814,4506.04615583,-0.03928769,13005.04529011,13005.04637509,-0.00108499,40.00000000
328.00000000,Strong,1,1,NWPR,39.58469709,1,39.22856603,0.98793200,1,0.12420478,1,1,4506.18784023,4506.06273905,0.12510118,13044.22872967,13044.22945626,-0.00072659,40.00000000
329.00000000,Strong,1,1,NWPR,39.55698698,1,39.69189003,0.98684589,1,0.04417083,1,1,4506.12692826,4506.08068523,0.04624302,13083.41369612,13083.41268755,0.00100857,40.00000000
330.00000000,Strong,1,1,NWPR,39.59504965,1,40.22675826,0.98991145,1,0.13866450,1,1,4506.24614444,4506.10000000,0.14614444,13122.59801266,13122.59608084,0.00193182,40.00000000
331.00000000,Strong,1,1,NWPR,39.73758075,1,39.51614400,0.98781472,1,-0.18352654,1,1,4505.92913799,4506.12068523,-0.19154724,13161.78148428,13161.77964804,0.00183624,40.00000000
332.00000000,Strong,1,1,NWPR,39.61729664,1,39.92929965,0.98596475,1,0.20455554,1,1,4506.35290330,4506.14273905,0.21016425,13200.96402272,13200.96340107,0.00062164,40.00000000
333.00000000,Strong,1,1,NWPR,39.68556938,1,39.74234490,0.98888072,1,-0.10696022,1,1,4506.05405357,4506.16615583,-0.11210226,13240.14536361,13240.14735180,-0.00198819,40.00000000
334.00000000,Strong,1,1,NWPR,39.53281219,1,39.49459222,0.99046931,1,-0.14314365,1,1,4506.04280951,4506.19092620,-0.14811669,13279.32941244,13279.33151205,-0.00209961,40.00000000
335.00000000,Strong,1,1,NWPR,39.44431162,1,39.24969474,0.98792433,1,0.07249380,1,1,4506.29327604,4506.21703709,0.07623895,13318.51397085,13318.51589354,-0.00192269,40.00000000
336.00000000,Strong,1,1,NWPR,39.53745062,1,39.49850963,0.98922007,1,-0.05425968,1,1,4506.18532846,4506.24447174,-0.05914328,13357.69677973,13357.70050784,-0.00372811,40.00000000
337.00000000,Strong,1,1,NWPR,39.55499853,1,39.04683280,0.98959268,1,0.07080980,1,1,4506.34382698,4506.27320979,0.07061719,13396.88118240,13396.88536639,-0.00418399,40.00000000
338.00000000,Strong,1,1,NWPR,39.35656234,1,39.70739631,0.98589596,1,0.09117609,1,1,4506.39252005,4506.30322727,0.08929278,13436.06648336,13436.07048042,-0.00399705,40.00000000
339.00000000,Strong,1,1,NWPR,39.52143695,1,39.58578248,0.98716275,1,0.00199214,1,1,4506.33556953,4506.33449674,0.00107279,13475.24940889,13475.25586093,-0.00645204,40.00000000
340.00000000,Strong,1,1,NWPR,39.54342685,1,39.60319553,0.98766576,1,-0.01128139,1,1,4506.36118656,4506.36698730,-0.00580074,13514.43531785,13514.44151868,-0.00620083,40.00000000
341.00000000,Strong,1,1,NWPR,39.62429062,1,39.37430273,0.98672779,1,-0.08187908,1,1,4506.30998748,4506.40066472,-0.09067724,13553.62302698,13553.62746415,-0.00443716,40.00000000
342.00000000,Strong,1,1,NWPR,39.53425365,1,39.36650332,0.98815902,1,0.08421154,1,1,4506.52038651,4506.43549150,0.08489500,13592.80974692,13592.81370749,-0.00396056,40.00000000
343.00000000,Strong,1,1,NWPR,39.45933831,1,40.03673464,0.98633733,1,-0.03159844,1,1,4506.43910094,4506.47142702,-0.03232608,13631.99947789,13632.00025852,-0.00078063,40.00000000
344.00000000,Strong,1,1,NWPR,39.58048895,1,39.64959376,0.98683104,1,0.03792030,1,1,4506.54346634,4506.50842759,0.03503875,13671.18710384,13671.18712670,-0.00002286,40.00000000
345.00000000,Strong,1,1,NWPR,39.55220304,1,39.23963773,0.98718512,1,0.01209835,1,1,4506.55466172,4506.54644661,0.00821511,13710.37711401,13710.37432108,0.00279293,40.00000000
346.00000000,Strong,1,1,NWPR,39.45094740,1,39.40003365,0.98937088,1,-0.08177262,1,1,4506.49910361,4506.58543470,-0.08633109,13749.56326112,13749.56185032,0.00141080,40.00000000
347.00000000,Strong,1,1,NWPR,39.46830425,1,39.96862205,0.99124406,1,-0.00062065,1,1,4506.62445525,4506.62533980,-0.00088455,13788.75134017,13788.74972260,0.00161757,40.00000000
348.00000000,Strong,1,1,NWPR,39.52754838,1,38.84316299,0.98872169,1,0.04048472,1,1,4506.70922799,4506.66610737,0.04312061,13827.93912097,13827.93794568,0.00117529,40.00000000
349.00000000,Strong,1,1,NWPR,39.32684170,1,39.28386093,0.98880431,1,0.01567464,1,1,4506.72257644,4506.70768048,0.01489596,13867.12958145,13867.12652681,0.00305464,40.00000000
350.00000000,Strong,1,1,NWPR,39.58655715,1,39.31931908,0.98905581,1,-0.08561135,1,1,4506.66258637,4506.75000000,-0.08741363,13906.31771491,13906.31547272,0.00224218,40.00000000
351.00000000,Strong,1,1,NWPR,39.62174576,1,39.64185317,0.98756791,1,0.11167617,1,1,4506.90799075,4506.79300475,0.11498600,13945.50842824,13945.50478966,0.00363858,40.00000000
352.00000000,Strong,1,1,NWPR,39.65274876,1,39.87252442,0.98865470,1,0.04910802,1,1,4506.88438418,4506.83663168,0.04775250,13984.69754738,13984.69448330,0.00306408,40.00000000
353.00000000,Strong,1,1,NWPR,39.60549213,1,39.72301412,0.98926216,1,0.03770385,1,1,4506.92287358,4506.88081603,0.04205756,14023.88737731,14023.88455878,0.00281852,40.00000000
354.00000000,Strong,1,1,NWPR,39.58978867,1,39.65328427,0.98866823,1,-0.01610819,1,1,4506.90751471,4506.92549150,-0.01797679,14063.07658010,14063.07502066,0.00155944,40.00000000
355.00000000,Strong,1,1,NWPR,39.71279740,1,39.77544717,0.98694202,1,-0.06186264,1,1,4506.90679627,4506.97059048,-0.06379421,14102.26772896,14102.26587291,0.00185605,40.00000000
356.00000000,Strong,1,1,NWPR,39.78916352,1,39.15563747,0.98721854,1,-0.04901321,1,1,4506.96262756,4507.01604415,-0.05341659,14141.45857395,14141.45711891,0.00145504,40.00000000
357.00000000,Strong,1,1,NWPR,39.67198172,1,40.17563885,0.98721451,1,-0.10507658,1,1,4506.95218989,4507.06178277,-0.10959288,14180.65122297,14180.64876146,0.00246151,40.00000000
358.00000000,Strong,1,1,NWPR,39.56362793,1,39.14839759,0.98788860,1,0.09991755,1,1,4507.21329862,4507.10773577,0.10556285,14219.84275219,14219.84080271,0.00194948,40.00000000
359.00000000,Strong,1,1,NWPR,39.37262353,1,39.14366656,0.98584495,1,-0.04911198,1,1,4507.10554357,4507.15383202,-0.04828845,14259.03399813,14259.03324423,0.00075390,40.00000000
360.00000000,Strong,1,1,NWPR,39.39978954,1,39.74440613,0.98643009,1,-0.05950552,1,1,4507.13545885,4507.20000000,-0.06454115,14298.22780086,14298.22608696,0.00171390,40.00000000
361.00000000,Strong,1,1,NWPR,39.54269909,1,39.78632411,0.99011211,1,-0.00787508,1,1,4507.23987644,4507.24616798,-0.00629154,14337.42185445,14337.41933119,0.00252325,40.00000000
362.00000000,Strong,1,1,NWPR,39.40192692,1,39.39855885,0.98872543,1,0.05043296,1,1,4507.34512042,4507.29226423,0.05285619,14376.61343786,14376.61297663,0.00046123,40.00000000
363.00000000,Strong,1,1,NWPR,39.29778385,1,39.34345118,0.98718479,1,0.11724664,1,1,4507.45599555,4507.33821723,0.11777832,14415.80614547,14415.80702233,-0.00087686,40.00000000
364.00000000,Strong,1,1,NWPR,39.39423916,1,39.52851976,0.98993714,1,0.07642094,1,1,4507.47071002,4507.38395585,0.08675418,14455.00081724,14455.00146674,-0.00064950,40.00000000
365.00000000,Strong,1,1,NWPR,39.44005751,1,40.16060770,0.99056638,1,-0.12388693,1,1,4507.30141332,4507.42940952,-0.12799621,14494.19559750,14494.19630769,-0.00071019,40.00000000
366.00000000,Strong,1,1,NWPR,39.54515356,1,39.28619247,0.98789441,1,-0.07772537,1,1,4507.39246799,4507.47450850,-0.08204051,14533.39069472,14533.39154240,-0.00084768,40.00000000
367.00000000,Strong,1,1,NWPR,39.41514873,1,39.63262236,0.99012741,1,-0.03069865,1,1,4507.48892684,4507.51918397,-0.03025713,14572.58466010,14572.58716748,-0.00250738,40.00000000
368.00000000,Strong,1,1,NWPR,39.50414907,1,40.17158941,0.99131939,1,0.05529136,1,1,4507.62031198,4507.56336832,0.05694365,14611.78096476,14611.78317896,-0.00221420,40.00000000
369.00000000,Strong,1,1,NWPR,39.48948059,1,39.89210837,0.98809216,1,0.20633592,1,1,4507.82480473,4507.60699525,0.21780948,14650.97794639,14650.97957227,-0.00162588,40.00000000
370.00000000,Strong,1,1,NWPR,39.37825925,1,39.82766034,0.98522548,1,-0.13466914,1,1,4507.50907038,4507.65000000,-0.14092962,14690.17662918,14690.17634229,0.00028689,40.00000000
371.00000000,Strong,1,1,NWPR,39.40146271,1,38.93137591,0.98795522,1,-0.01996999,1,1,4507.67426430,4507.69231952,-0.01805522,14729.37306768,14729.37348333,-0.00041564,40.00000000
372.00000000,Strong,1,1,NWPR,39.43557314,1,39.08951359,0.98990621,1,-0.19314827,1,1,4507.53453573,4507.73389263,-0.19935690,14768.56861113,14768.57098916,-0.00237803,40.00000000
373.00000000,Strong,1,1,NWPR,39.47081647,1,39.47496566,0.98778939,1,0.03738552,1,1,4507.82060405,4507.77466020,0.04594385,14807.76648497,14807.76885304,-0.00236807,40.00000000
374.00000000,Strong,1,1,NWPR,39.65206648,1,39.61587861,0.98591763,1,-0.29746093,1,1,4507.50257217,4507.81456530,-0.31199313,14846.96422386,14846.96706771,-0.00284385,40.00000000
375.00000000,Strong,1,1,NWPR,39.62045141,1,39.53266948,0.98570848,1,-0.07934786,1,1,4507.77234115,4507.85355339,-0.08121224,14886.16172438,14886.16562543,-0.00390105,40.00000000
376.00000000,Strong,1,1,NWPR,39.63361719,1,39.82134094,0.98834338,1,0.05651449,1,1,4507.95439141,4507.89157241,0.06281900,14925.36205534,14925.36451800,-0.00246266,40.00000000
377.00000000,Strong,1,1,NWPR,39.58144496,1,39.96294828,0.98909492,1,-0.10228259,1,1,4507.82352521,4507.92857298,-0.10504777,14964.56197037,14964.56373678,-0.00176640,40.00000000
378.00000000,Strong,1,1,NWPR,39.37635658,1,39.34905370,0.98952112,1,0.15186836,1,1,4508.12372304,4507.96450850,0.15921454,15003.76020857,15003.76327270,-0.00306414,40.00000000
379.00000000,Strong,1,1,NWPR,39.32785771,1,39.51682891,0.98910874,1,-0.03956078,1,1,4507.96075577,4507.99933528,-0.03857952,15042.96194817,15042.96311632,-0.00116815,40.00000000
380.00000000,Strong,1,1,NWPR,39.44737202,1,39.70828170,0.98816528,1,-0.21145586,1,1,4507.81569108,4508.03301270,-0.21732163,15082.16392506,15082.16325781,0.00066725,40.00000000
381.00000000,Strong,1,1,NWPR,39.70841924,1,39.65870307,0.98757783,1,0.04139809,1,1,4508.10636600,4508.06550326,0.04086274,15121.36748830,15121.36368701,0.00380129,40.00000000
382.00000000,Strong,1,1,NWPR,39.63579283,1,39.69752939,0.98568965,1,-0.05590928,1,1,4508.04344753,4508.09677273,-0.05332520,15160.56930307,15160.56439346,0.00490961,40.00000000
383.00000000,Strong,1,1,NWPR,39.51505014,1,39.34217984,0.98767582,1,-0.08569951,1,1,4508.03566517,4508.12679021,-0.09112504,15199.76796645,15199.76536639,0.00260007,40.00000000
384.00000000,Strong,1,1,NWPR,39.58500119,1,38.49957161,0.98814707,1,-0.04168477,1,1,4508.11021823,4508.15552826,-0.04531003,15238.96941300,15238.96659480,0.00281820,40.00000000
385.00000000,Strong,1,1,NWPR,39.39124074,1,38.85982883,0.98906017,1,-0.24252005,1,1,4507.93180331,4508.18296291,-0.25115961,15278.16994814,15278.16806745,0.00188069,40.00000000
386.00000000,Strong,1,1,NWPR,39.39355903,1,39.76276201,0.98726979,1,-0.14820471,1,1,4508.05261488,4508.20907380,-0.15645892,15317.37484889,15317.36977292,0.00507597,40.00000000
387.00000000,Strong,1,1,NWPR,39.36272998,1,38.72032793,0.98884981,1,0.08697588,1,1,4508.32614388,4508.23384417,0.09229971,15356.57738882,15356.57169963,0.00568919,40.00000000
388.00000000,Strong,1,1,NWPR,39.32419405,1,39.06360468,0.99104856,1,0.09744920,1,1,4508.35840223,4508.25726095,0.10114128,15395.77748424,15395.77383585,0.00364839,40.00000000
389.00000000,Strong,1,1,NWPR,39.38173796,1,39.39026377,0.98818584,1,-0.07211343,1,1,4508.20262577,4508.27931477,-0.07668900,15434.97854723,15434.97616978,0.00237745,40.00000000
390.00000000,Strong,1,1,NWPR,39.32814435,1,39.14081684,0.98793167,1,0.00457400,1,1,4508.30619352,4508.30000000,0.00619352,15474.18029126,15474.17868954,0.00160172,40.00000000
391.00000000,Strong,1,1,NWPR,39.42412035,1,39.91083539,0.98959836,1,-0.05524002,1,1,4508.26401233,4508.31931477,-0.05530243,15513.38422254,15513.38138320,0.00283934,40.00000000
392.00000000,Strong,1,1,NWPR,39.52606218,1,39.47439125,0.98787709,1,-0.07522863,1,1,4508.25774293,4508.33726095,-0.07951801,15552.58552491,15552.58423887,0.00128604,40.00000000
393.00000000,Strong,1,1,NWPR,39.48332332,1,39.68953604,0.98612035,1,0.07139401,1,1,4508.42974117,4508.35384417,0.07589700,15591.79015159,15591.78724466,0.00290693,40.00000000
394.00000000,Strong,1,1,NWPR,39.47023443,1,39.53392888,0.98975781,1,0.00284235,1,1,4508.37522894,4508.36907380,0.00615514,15630.99447531,15630.99038876,0.00408656,40.00000000
395.00000000,Strong,1,1,NWPR,39.44036755,1,39.78534459,0.98976063,1,0.00348887,1,1,4508.38948628,4508.38296291,0.00652337,15670.19931161,15670.19365945,0.00565217,40.00000000
396.00000000,Strong,1,1,NWPR,39.52422335,1,39.48733378,0.98879327,1,0.08239901,1,1,4508.48037642,4508.39552826,0.08484817,15709.40066302,15709.39704514,0.00361788,40.00000000
397.00000000,Strong,1,1,NWPR,39.65423715,1,39.63323188,0.98552832,1,-0.03784033,1,1,4508.36597739,4508.40679021,-0.04081282,15748.60264431,15748.60053442,0.00210989,40.00000000
398.00000000,Strong,1,1,NWPR,39.60704700,1,38.99951348,0.98588160,1,-0.18921372,1,1,4508.22117510,4508.41677273,-0.19559763,15787.80700372,15787.80411605,0.00288767,40.00000000
399.00000000,Strong,1,1,NWPR,39.56224556,1,39.31626634,0.98881466,1,-0.00180045,1,1,4508.42611431,4508.42550326,0.00061105,15827.01423525,15827.00777901,0.00645624,40.00000000
400.00000000,Strong,1,1,NWPR,39.66471142,1,39.07667757,0.98713436,1,0.10379591,1,1,4508.54311850,4508.43301270,0.11010579,15866.21852851,15866.21151256,0.00701595,40.00000000
401.00000000,Strong,1,1,NWPR,39.41923276,1,39.70544264,0.98667133,1,0.01230540,1,1,4508.45265411,4508.43933528,0.01331883,15905.42032619,15905.41530623,0.00501996,40.00000000
402.00000000,Strong,1,1,NWPR,39.49107843,1,40.06051510,0.98957271,1,-0.07774423,1,1,4508.36630931,4508.44450850,-0.07819919,15944.62494718,15944.61914985,0.00579734,40.00000000
403.00000000,Strong,1,1,NWPR,39.58703213,1,39.51972374,0.98837403,1,-0.22233250,1,1,4508.21587323,4508.44857298,-0.23269976,15983.82757858,15983.82303360,0.00454498,40.00000000
404.00000000,Strong,1,1,NWPR,39.56213652,1,39.84771618,0.98601953,1,0.04978229,1,1,4508.50762413,4508.45157241,0.05605172,16023.03093853,16023.02694803,0.00399051,40.00000000
405.00000000,Strong,1,1,NWPR,39.49543256,1,39.90981800,0.98629885,1,-0.06154179,1,1,4508.38978735,4508.45355339,-0.06376604,16062.23417367,16062.23088408,0.00328960,40.00000000
406.00000000,Strong,1,1,NWPR,39.56493049,1,39.74949035,0.98719024,1,-0.05260502,1,1,4508.39804267,4508.45456530,-0.05652263,16101.43517658,16101.43483310,0.00034348,40.00000000
407.00000000,Strong,1,1,NWPR,39.65352039,1,39.92287869,0.98761245,1,0.15114830,1,1,4508.61293990,4508.45466020,0.15827970,16140.63797077,16140.63878690,-0.00081613,40.00000000
408.00000000,Strong,1,1,NWPR,39.73395393,1,39.39748854,0.98900024,1,-0.10220570,1,1,4508.34688781,4508.45389263,-0.10700482,16179.83957850,16179.84273774,-0.00315923,40.00000000
409.00000000,Strong,1,1,NWPR,39.59313509,1,39.53358585,0.98886238,1,0.12641890,1,1,4508.58380316,4508.45231952,0.13148364,16219.04332062,16219.04667835,-0.00335774,40.00000000
410.00000000,Strong,1,1,NWPR,39.52148723,1,40.03767661,0.98839162,1,-0.05742346,1,1,4508.39161971,4508.45000000,-0.05838029,16258.24981971,16258.25060200,-0.00078229,40.00000000
411.00000000,Strong,1,1,NWPR,39.53763214,1,39.81703978,0.98732686,1,-0.13319977,1,1,4508.31135977,4508.44699525,-0.13563548,16297.45330855,16297.45450245,-0.00119391,40.00000000
412.00000000,Strong,1,1,NWPR,39.61587320,1,38.93616955,0.98873101,1,0.02596743,1,1,4508.46999869,4508.44336832,0.02663037,16336.65827686,16336.65837403,-0.00009716,40.00000000
413.00000000,Strong,1,1,NWPR,39.61384393,1,39.57255134,0.98873274,1,-0.15903354,1,1,4508.27276173,4508.43918397,-0.16642224,16375.86148448,16375.86221159,-0.00072711,40.00000000
414.00000000,Strong,1,1,NWPR,39.70057988,1,38.81451030,0.98771504,1,0.08273550,1,1,4508.52274932,4508.43450850,0.08824082,16415.06777953,16415.06601059,0.00176894,40.00000000
415.00000000,Strong,1,1,NWPR,39.44585126,1,39.60277616,0.98988144,1,-0.03477292,1,1,4508.39149430,4508.42940952,-0.03791523,16454.27298036,16454.26976703,0.00321333,40.00000000
416.00000000,Strong,1,1,NWPR,39.50016811,1,39.38160405,0.99146254,1,0.12194658,1,1,4508.55320849,4508.42395585,0.12925264,16493.47766984,16493.47347755,0.00419229,40.00000000
417.00000000,Strong,1,1,NWPR,39.39231204,1,39.23278403,0.98989912,1,0.04405549,1,1,4508.46858116,4508.41821723,0.05036393,16532.68241314,16532.67713935,0.00527379,40.00000000
418.00000000,Strong,1,1,NWPR,39.39678257,1,39.62131766,0.98708121,1,0.05190169,1,1,4508.47010699,4508.41226423,0.05784276,16571.88305900,16571.88075027,0.00230873,40.00000000
419.00000000,Strong,1,1,NWPR,39.53064597,1,39.24133394,0.98708395,1,0.10432901,1,1,4508.51814910,4508.40616798,0.11198112,16611.08556005,16611.08430875,0.00125130,40.00000000
420.00000000,Strong,1,1,NWPR,39.50162736,1,38.61779167,0.98886971,1,-0.10620265,1,1,4508.28583574,4508.40000000,-0.11416426,16650.28994708,16650.28781385,0.00213322,40.00000000
421.00000000,Strong,1,1,NWPR,32.85000711,1,17.94918394,0.96775049,1,1.00777547,1,1,4509.08133606,4508.39383202,0.68750404,16689.49323195,16689.49126527,0.00196668,14.00000000
422.00000000,Strong,1,1,NWPR,30.71033230,1,16.83027168,0.90973325,1,1.45730230,1,1,4509.16699297,4508.38773577,0.77925720,16728.69702115,16728.69466331,0.00235784,14.00000000
423.00000000,Weak,1,1,NWPR,31.44609275,1,12.07160571,0.83721409,0,0.00000000,1,1,4508.49077404,4508.38178277,0.10899127,16767.89505108,16767.89800892,-0.00295784,14.00000000
424.00000000,Weak,1,0,NWPR,27.43704606,1,17.60911961,0.74179701,0,-0.00000000,1,1,4508.64688200,4508.37604415,0.27083785,16807.11163299,16807.10130364,0.01032935,14.00000000
425.00000000,Weak,1,0,NWPR,27.43704606,1,14.70376580,0.49569626,0,-0.00000000,1,1,4508.86869159,4508.37059048,0.49810111,16846.31332591,16846.30454964,0.00877627,14.00000000
426.00000000,Weak,1,0,NWPR,27.43704606,1,14.09315619,0.33815541,0,0.00000000,1,1,4508.77874542,4508.36549150,0.41325392,16885.51600712,16885.50774972,0.00825740,14.00000000
427.00000000,Weak,1,0,NWPR,27.43704606,1,11.74075853,0.02129196,0,-0.00000000,1,1,4509.11467546,4508.36081603,0.75385943,16924.71780872,16924.71090724,0.00690147,14.00000000
428.00000000,Weak,1,0,NWPR,27.43704606,1,4.63468960,0.01084867,0,-0.00000000,1,1,4509.41676114,4508.35663168,1.06012946,16963.93422066,16963.91402620,0.02019446,14.00000000
429.00000000,Weak,1,0,NWPR,27.43704606,1,4.25215103,0.09922142,0,-0.00000000,1,1,4509.62304699,4508.35300475,1.27004224,17003.16753962,17003.11711115,0.05042847,14.00000000
430.00000000,Weak,1,0,NWPR,27.43704606,1,14.71291018,0.04300978,0,0.00000000,1,1,4509.51430379,4508.35000000,1.16430379,17042.37268466,17042.32016722,0.05251744,14.00000000
431.00000000,Weak,1,0,NWPR,27.43704606,1,12.66112887,0.16199954,0,0.00000000,1,1,4509.17413464,4508.34768048,0.82645416,17081.59375626,17081.52320009,0.07055617,14.00000000
432.00000000,Weak,1,0,NWPR,27.43704606,1,12.23961063,0.07002058,0,0.00000000,1,1,4508.98716261,4508.34610737,0.64105524,17120.80089791,17120.72621600,0.07468191,14.00000000
433.00000000,Weak,1,1,NWPR,23.13185711,1,14.20076789,0.22832348,0,0.00000000,1,1,4508.88851799,4508.34533980,0.54317819,17160.01234193,17159.92922169,0.08312025,14.00000000
434.00000000,Weak,1,1,NWPR,17.14446152,1,15.29945412,0.18983859,0,0.00000000,1,1,4508.75551261,4508.34543470,0.41007791,17199.21580599,17199.13222441,0.08358159,14.00000000
435.00000000,Weak,1,1,NWPR,14.70973570,1,14.79781063,0.14607298,0,0.00000000,1,1,4508.44288326,4508.34644661,0.09643665,17238.41754022,17238.33523190,0.08230832,14.00000000
436.00000000,Weak,1,1,NWPR,13.87950059,1,16.71424270,0.14954750,0,0.00000000,1,1,4508.29434525,4508.34842759,-0.05408234,17277.62361916,17277.53825238,0.08536678,14.00000000
437.00000000,Weak,1,1,NWPR,13.64037635,1,12.04787019,0.21922119,0,0.00000000,1,1,4508.63205292,4508.35142702,0.28062591,17316.82512242,17316.74129447,0.08382795,14.00000000
438.00000000,Weak,1,1,NWPR,13.54730594,1,14.31330400,0.17956599,0,0.00000000,1,1,4508.55396911,4508.35549150,0.19847761,17356.03902337,17355.94436724,0.09465613,14.00000000
439.00000000,Weak,1,1,NWPR,13.61949250,1,15.39367646,0.10482978,0,-0.00000000,1,1,4508.54181958,4508.36066472,0.18115487,17395.23700819,17395.14748014,0.08952805,14.00000000
440.00000000,Weak,1,1,NWPR,13.69557210,1,9.65476780,0.02166650,0,0.00000000,1,1,4508.90982775,4508.36698730,0.54284046,17434.44636047,17434.35064300,0.09571747,14.00000000
441.00000000,Weak,1,1,NWPR,13.64945970,1,13.28455802,0.01995240,0,0.00000000,1,1,4508.65797671,4508.37449674,0.28347998,17473.63656150,17473.55386597,0.08269553,14.00000000
442.00000000,Weak,1,1,NWPR,13.63442190,1,15.35926532,0.15623832,0,-0.00000000,1,1,4508.55025856,4508.38322727,0.16703128,17512.83050961,17512.75715953,0.07335008,14.00000000
443.00000000,Weak,1,1,NWPR,13.75659269,1,14.09917758,0.07992832,0,-0.00000000,1,1,4508.77842150,4508.39320979,0.38521171,17552.05194978,17551.96053442,0.09141535,14.00000000
444.00000000,Weak,1,1,NWPR,13.72042592,1,11.58627458,0.08332665,0,0.00000000,1,1,4508.93305457,4508.40447174,0.52858283,17591.25061010,17591.16400167,0.08660844,14.00000000
445.00000000,Weak,1,1,NWPR,13.54862945,1,10.39363557,0.09168913,0,-0.00000000,1,1,4508.89115245,4508.41703709,0.47411536,17630.45570735,17630.36757249,0.08813486,14.00000000
446.00000000,Weak,1,1,NWPR,13.29599669,1,10.58271537,0.18453962,0,0.00000000,1,1,4508.83932290,4508.43092620,0.40839670,17669.66704505,17669.57125832,0.09578672,14.00000000
447.00000000,Weak,1,1,NWPR,13.06812294,1,9.55009541,0.05028027,0,-0.00000000,1,1,4509.15318297,4508.44615583,0.70702714,17708.85658284,17708.77507075,0.08151209,14.00000000
448.00000000,Weak,1,1,NWPR,12.88918159,1,10.77206962,0.21976060,0,-0.00000000,1,1,4509.44455978,4508.46273905,0.98182073,17748.05328331,17747.97902148,0.07426183,14.00000000
449.00000000,Weak,1,1,NWPR,12.58308070,1,0.00000000,0.18762336,0,-0.00000000,1,1,4510.05070869,4508.48068523,1.57002345,17787.25805483,17787.18312233,0.07493250,14.00000000
450.00000000,Weak,1,1,NWPR,12.11488833,1,9.27377488,0.10017002,0,-0.00000000,1,1,4510.10401640,4508.50000000,1.60401640,17826.45623827,17826.38738519,0.06885308,14.00000000
451.00000000,Weak,1,1,NWPR,16.02544612,1,30.58709167,0.06727319,0,0.00000000,1,1,4509.82293857,4508.52068523,1.30225334,17865.66146196,17865.59182196,0.06964000,40.00000000
452.00000000,Weak,1,1,NWPR,21.80239438,1,32.83175273,0.11267888,0,0.00000000,1,1,4509.57495713,4508.54273905,1.03221808,17904.86375267,17904.79644455,0.06730812,40.00000000
453.00000000,Weak,1,1,NWPR,26.14628821,1,34.32863870,0.10449574,0,0.00000000,1,1,4509.36056165,4508.56615583,0.79440582,17944.06124771,17944.00126485,0.05998287,40.00000000
454.00000000,Weak,1,1,NWPR,29.59249143,1,35.80103237,0.11678237,0,0.00000000,1,1,4509.17755871,4508.59092620,0.58663251,17983.25751854,17983.20629466,0.05122387,40.00000000
455.00000000,Weak,1,1,NWPR,33.89245655,1,37.49251027,0.19160649,0,-0.00000000,1,1,4509.01184173,4508.61703709,0.39480464,18022.45385695,18022.41154571,0.04231124,40.00000000
456.00000000,Weak,1,1,NWPR,36.50778079,1,38.67871158,0.28698520,0,-0.00000000,1,1,4508.88420348,4508.64447174,0.23973174,18061.65075250,18061.61702958,0.03372292,40.00000000
457.00000000,Weak,1,1,NWPR,38.00372711,1,38.95814011,0.43419758,0,0.00000000,1,1,4508.79026491,4508.67320979,0.11705513,18100.84748868,18100.82275769,0.02473098,40.00000000
458.00000000,Weak,1,1,NWPR,38.73178759,1,39.61788952,0.65320250,0,0.00000000,1,1,4508.71295471,4508.70322727,0.00972744,18140.04246963,18140.02874128,0.01372834,40.00000000
459.00000000,Weak,1,1,NWPR,39.15022942,1,39.48719494,0.85307807,0,0.00000000,1,1,4508.66116816,4508.73449674,-0.07332858,18179.23901276,18179.23499136,0.00402140,40.00000000
460.00000000,Weak,1,1,NWPR,39.32384443,1,39.37218734,0.81607107,0,0.00000000,1,1,4508.64039013,4508.76698730,-0.12659717,18218.43576169,18218.44151868,-0.00575699,40.00000000
461.00000000,Weak,1,1,NWPR,39.32558148,1,39.13854953,0.50087712,0,-0.00000000,1,1,4508.63590089,4508.80066472,-0.16476383,18257.63479039,18257.64833371,-0.01354332,40.00000000
462.00000000,Medium,1,1,NWPR,39.30329664,1,39.24180802,0.33070783,1,0.00000000,0,0,4508.63431476,4508.83549150,-0.20117674,18296.83387744,18296.85544662,-0.02156918,40.00000000
463.00000000,Medium,1,1,NWPR,39.26387365,1,39.24977984,0.66862949,1,0.20807035,1,1,4508.84982999,4508.87142702,-0.02159703,18336.03853937,18336.06286721,-0.02432784,40.00000000
464.00000000,Medium,1,1,NWPR,39.31847643,1,39.16775487,0.86439892,1,0.24766605,1,1,4508.89044187,4508.90842759,-0.01798572,18375.24676433,18375.27060496,-0.02384063,40.00000000
465.00000000,Medium,1,1,NWPR,39.34699676,1,39.62211073,0.93548777,1,0.25591678,1,1,4508.91699128,4508.94644661,-0.02945533,18414.45468162,18414.47866891,-0.02398728,40.00000000
466.00000000,Medium,1,1,NWPR,39.47938831,1,39.20324775,0.95742168,1,0.28315447,1,1,4508.98432075,4508.98543470,-0.00111394,18453.66341108,18453.68706771,-0.02365663,40.00000000
467.00000000,Medium,1,1,NWPR,39.32567559,1,39.22516569,0.97293888,1,0.25733375,1,1,4508.96773251,4509.02533980,-0.05760729,18492.87328130,18492.89580956,-0.02252826,40.00000000
468.00000000,Medium,1,1,NWPR,39.40627267,1,39.67111561,0.96979249,1,0.32229659,1,1,4509.08527028,4509.06610737,0.01916291,18532.08494403,18532.10490220,-0.01995817,40.00000000
469.00000000,Strong,1,1,NWPR,39.44880783,1,39.34951280,0.03070289,1,-0.16758111,1,1,4509.09438609,4509.10768048,-0.01329439,18571.29879833,18571.31435289,-0.01555456,40.00000000
470.00000000,Strong,1,1,NWPR,39.52453720,1,39.85789108,0.61129765,1,-0.00474879,1,1,4509.23196442,4509.15000000,0.08196442,18610.51011691,18610.52416838,-0.01405146,40.00000000
471.00000000,Strong,1,1,NWPR,39.45628084,1,39.41575307,0.84477195,1,-0.17720471,1,1,4508.99237695,4509.19300475,-0.20062780,18649.72243622,18649.73435488,-0.01191865,40.00000000
472.00000000,Strong,1,1,NWPR,39.43678583,1,39.79874851,0.93298322,1,-0.01418908,1,1,4509.16503830,4509.23663168,-0.07159338,18688.93284504,18688.94491809,-0.01207305,40.00000000
473.00000000,Strong,1,1,NWPR,39.49612376,1,39.09329649,0.96852964,1,0.12141641,1,1,4509.36668129,4509.28081603,0.08586527,18728.14448435,18728.15586313,-0.01137878,40.00000000
474.00000000,Strong,1,1,NWPR,39.43104805,1,39.36032828,0.98093494,1,-0.01453331,1,1,4509.30446059,4509.32549150,-0.02103091,18767.35724501,18767.36719457,-0.00994956,40.00000000
475.00000000,Strong,1,1,NWPR,39.35349173,1,38.77684049,0.98891567,1,0.03689883,1,1,4509.43041402,4509.37059048,0.05982354,18806.56890767,18806.57891639,-0.01000871,40.00000000
476.00000000,Strong,1,1,NWPR,39.31383905,1,39.75991277,0.98692009,1,-0.06122507,1,1,4509.37607188,4509.41604415,-0.03997228,18845.78419526,18845.79103196,-0.00683670,40.00000000
477.00000000,Strong,1,1,NWPR,39.52071846,1,39.73122639,0.98462344,1,-0.13455555,1,1,4509.32656500,4509.46178277,-0.13521776,18884.99894332,18885.00354407,-0.00460075,40.00000000
478.00000000,Strong,1,1,NWPR,39.67757908,1,39.94933131,0.98535237,1,0.03451083,1,1,4509.53655142,4509.50773577,0.02881565,18924.21060303,18924.21645489,-0.00585186,40.00000000
479.00000000,Strong,1,1,NWPR,39.61985375,1,39.36384633,0.98822462,1,0.05583006,1,1,4509.60780002,4509.55383202,0.05396800,18963.42529502,18963.42976597,-0.00447095,40.00000000
480.00000000,Strong,1,1,NWPR,39.65700897,1,40.15064459,0.99013024,1,0.06777125,1,1,4509.67638069,4509.60000000,0.07638069,19002.64085172,19002.64347826,-0.00262654,40.00000000
481.00000000,Strong,1,1,NWPR,39.77566144,1,39.95054393,0.99160559,1,-0.03689259,1,1,4509.60830466,4509.64616798,-0.03786332,19041.85767588,19041.85759206,0.00008382,40.00000000
482.00000000,Strong,1,1,NWPR,39.72547981,1,38.77869865,0.98902958,1,-0.11431971,1,1,4509.57552220,4509.69226423,-0.11674203,19081.07510222,19081.07210706,0.00299516,40.00000000
483.00000000,Strong,1,1,NWPR,39.53501712,1,38.87113412,0.99049530,1,-0.06534103,1,1,4509.66441599,4509.73821723,-0.07380125,19120.28712516,19120.28702233,0.00010283,40.00000000
484.00000000,Strong,1,1,NWPR,39.51387889,1,39.80443487,0.99048305,1,-0.09695881,1,1,4509.68477932,4509.78395585,-0.09917652,19159.50189504,19159.50233630,-0.00044126,40.00000000
485.00000000,Strong,1,1,NWPR,39.46034197,1,39.94524069,0.98830526,1,-0.06023341,1,1,4509.77336359,4509.82940952,-0.05604593,19198.71814604,19198.71804682,0.00009922,40.00000000
486.00000000,Strong,1,1,NWPR,39.63146299,1,39.45095675,0.98844409,1,0.10406256,1,1,4509.98167407,4509.87450850,0.10716557,19237.93286478,19237.93415109,-0.00128632,40.00000000
487.00000000,Strong,1,1,NWPR,39.72124188,1,39.80707164,0.98575825,1,0.08353903,1,1,4510.00782096,4509.91918397,0.08863699,19277.14953746,19277.15064574,-0.00110828,40.00000000
488.00000000,Strong,1,1,NWPR,39.70465193,1,39.19164278,0.98806499,1,-0.06449990,1,1,4509.89717847,4509.96336832,-0.06618985,19316.36552832,19316.36752678,-0.00199847,40.00000000
489.00000000,Strong,1,1,NWPR,39.46334296,1,39.55184899,0.98914560,1,0.15033678,1,1,4510.16327823,4510.00699525,0.15628298,19355.58184022,19355.58478966,-0.00294944,40.00000000
490.00000000,Strong,1,1,NWPR,39.33515114,1,39.02860043,0.98967427,1,0.03437940,1,1,4510.08091721,4510.05000000,0.03091721,19394.80150628,19394.80242924,-0.00092296,40.00000000
491.00000000,Strong,1,1,NWPR,39.38050755,1,40.15783657,0.98795355,1,0.10881357,1,1,4510.20739090,4510.09231952,0.11507139,19434.02159623,19434.02043985,0.00115638,40.00000000
492.00000000,Strong,1,1,NWPR,39.52971573,1,39.19613971,0.98897065,1,0.06320516,1,1,4510.20311079,4510.13389263,0.06921817,19473.23948347,19473.23881525,0.00066823,40.00000000
493.00000000,Strong,1,1,NWPR,39.44538841,1,39.69662698,0.98779065,1,0.03516898,1,1,4510.21995772,4510.17466020,0.04529753,19512.45707167,19512.45754869,-0.00047702,40.00000000
494.00000000,Strong,1,1,NWPR,39.44691461,1,39.16840108,0.98555784,1,0.02024891,1,1,4510.23989757,4510.21456530,0.02533226,19551.67900927,19551.67663292,0.00237635,40.00000000
495.00000000,Strong,1,1,NWPR,39.56486289,1,40.17892120,0.98868714,1,0.04569030,1,1,4510.29986940,4510.25355339,0.04631601,19590.89855057,19590.89606021,0.00249036,40.00000000
496.00000000,Strong,1,1,NWPR,39.72694376,1,39.80477145,0.99037102,1,-0.12541188,1,1,4510.16244758,4510.29157241,-0.12912483,19630.11666081,19630.11582235,0.00083847,40.00000000
497.00000000,Strong,1,1,NWPR,39.66435013,1,39.15337877,0.98559672,1,-0.15758670,1,1,4510.17048317,4510.32857298,-0.15808981,19669.33622018,19669.33591069,0.00030949,40.00000000
498.00000000,Strong,1,1,NWPR,39.38764695,1,39.36612194,0.98768236,1,-0.05564616,1,1,4510.31088397,4510.36450850,-0.05362453,19708.55776361,19708.55631618,0.00144743,40.00000000
499.00000000,Strong,1,1,NWPR,39.38068928,1,39.62017406,0.98582263,1,0.17647008,1,1,4510.58099699,4510.39933528,0.18166170,19747.77871412,19747.77702936,0.00168475,40.00000000
500.00000000,Strong,1,1,NWPR,39.49697148,1,39.93029527,0.98575264,1,-0.01991607,1,1,4510.41868171,4510.43301270,-0.01433100,19786.99770339,19786.99804042,-0.00033703,40.00000000
501.00000000,Strong,1,1,NWPR,39.51348002,1,39.74778827,0.98833724,1,0.07667641,1,1,4510.54325276,4510.46550326,0.07774950,19826.21981419,19826.21933919,0.00047500,40.00000000
502.00000000,Strong,1,1,NWPR,39.66579158,1,39.45993095,0.99036048,1,-0.08483948,1,1,4510.40959469,4510.49677273,-0.08717804,19865.44108234,19865.44091520,0.00016714,40.00000000
503.00000000,Strong,1,1,NWPR,39.70074978,1,39.81953199,0.98940324,1,0.02893533,1,1,4510.56360305,4510.52679021,0.03681284,19904.66301512,19904.66275769,0.00025743,40.00000000
504.00000000,Strong,1,1,NWPR,39.62606724,1,39.77730310,0.98599987,1,0.06140041,1,1,4510.62061352,4510.55552826,0.06508526,19943.88625460,19943.88485567,0.00139894,40.00000000
505.00000000,Strong,1,1,NWPR,39.61308770,1,39.44959921,0.98510767,1,0.12851463,1,1,4510.71407637,4510.58296291,0.13111345,19983.10666573,19983.10719788,-0.00053215,40.00000000
506.00000000,Strong,1,1,NWPR,39.53443063,1,39.19645771,0.98620180,1,-0.03495432,1,1,4510.57800894,4510.60907380,-0.03106486,20022.32873372,20022.32977292,-0.00103920,40.00000000
507.00000000,Strong,1,1,NWPR,39.41566163,1,38.97849965,0.98495307,1,-0.07748500,1,1,4510.55507622,4510.63384417,-0.07876795,20061.55099680,20061.55256920,-0.00157239,40.00000000
508.00000000,Strong,1,1,NWPR,39.41234837,1,39.85745392,0.98832727,1,-0.08038540,1,1,4510.57183220,4510.65726095,-0.08542875,20100.77410755,20100.77557499,-0.00146744,40.00000000
509.00000000,Strong,1,1,NWPR,39.48643304,1,39.90517150,0.99132630,1,0.01814303,1,1,4510.70117252,4510.67931477,0.02185775,20139.99592613,20139.99877848,-0.00285235,40.00000000
510.00000000,Strong,1,1,NWPR,39.41775400,1,39.95716754,0.99003724,1,-0.01924136,1,1,4510.68244642,4510.70000000,-0.01755358,20179.21836475,20179.22216780,-0.00380305,40.00000000
511.00000000,Strong,1,1,NWPR,39.44124270,1,39.70485935,0.98854773,1,-0.03002753,1,1,4510.69007622,4510.71931477,-0.02923855,20218.44331417,20218.44573103,-0.00241686,40.00000000
512.00000000,Strong,1,1,NWPR,39.51747321,1,40.56464537,0.98723902,1,0.03932026,1,1,4510.78068678,4510.73726095,0.04342583,20257.66621096,20257.66945626,-0.00324530,40.00000000
513.00000000,Strong,1,1,NWPR,39.60225457,1,39.81420187,0.98898441,1,-0.02306290,1,1,4510.73255347,4510.75384417,-0.02129070,20296.89064749,20296.89333161,-0.00268413,40.00000000
514.00000000,Strong,1,1,NWPR,39.47575741,1,38.75877843,0.98997949,1,0.05376216,1,1,4510.82652000,4510.76907380,0.05744620,20336.11272787,20336.11734528,-0.00461740,40.00000000
515.00000000,Strong,1,1,NWPR,39.42479088,1,39.32611476,0.98865343,1,0.06221569,1,1,4510.85342448,4510.78296291,0.07046157,20375.33565665,20375.34148553,-0.00582889,40.00000000
516.00000000,Strong,1,1,NWPR,39.45591587,1,39.36629429,0.98754860,1,0.05806139,1,1,4510.85674690,4510.79552826,0.06121865,20414.55768777,20414.56574080,-0.00805303,40.00000000
517.00000000,Strong,1,1,NWPR,39.41397197,1,39.14272018,0.98862042,1,0.09126153,1,1,4510.90500097,4510.80679021,0.09821076,20453.78339166,20453.79009964,-0.00670797,40.00000000
518.00000000,Strong,1,1,NWPR,39.37655107,1,39.17784297,0.98935919,1,-0.10669960,1,1,4510.70718284,4510.81677273,-0.10958989,20493.01068051,20493.01455083,-0.00387032,40.00000000
519.00000000,Strong,1,1,NWPR,39.45577443,1,39.40670157,0.98937155,1,-0.02937720,1,1,4510.79949004,4510.82550326,-0.02601322,20532.23413993,20532.23908336,-0.00494343,40.00000000
520.00000000,Strong,1,1,NWPR,39.56453391,1,39.05884089,0.98712895,1,-0.00855724,1,1,4510.82575910,4510.83301270,-0.00725360,20571.45839695,20571.46368648,-0.00528953,40.00000000
521.00000000,Strong,1,1,NWPR,39.45506250,1,40.27057111,0.98948089,1,-0.13657359,1,1,4510.69567293,4510.83933528,-0.14366235,20610.68347791,20610.68834971,-0.00487180,40.00000000
522.00000000,Strong,1,1,NWPR,39.52733085,1,39.44479655,0.98876796,1,-0.07337374,1,1,4510.77427636,4510.84450850,-0.07023214,20649.90985028,20649.91306289,-0.00321261,40.00000000
523.00000000,Strong,1,1,NWPR,39.49065108,1,39.97762086,0.98799201,1,-0.00626021,1,1,4510.84001349,4510.84857298,-0.00855949,20689.13454772,20689.13781621,-0.00326849,40.00000000
524.00000000,Strong,1,1,NWPR,39.52753442,1,39.70873379,0.98986566,1,0.09334157,1,1,4510.94958206,4510.85157241,0.09800964,20728.35946579,20728.36260020,-0.00313441,40.00000000
525.00000000,Strong,1,1,NWPR,39.51365165,1,39.55555861,0.98901881,1,0.11822897,1,1,4510.97693250,4510.85355339,0.12337911,20767.58236744,20767.58740582,-0.00503838,40.00000000
526.00000000,Strong,1,1,NWPR,39.59942050,1,39.46395589,0.98757457,1,-0.02671406,1,1,4510.82323073,4510.85456530,-0.03133458,20806.80844068,20806.81222441,-0.00378373,40.00000000
527.00000000,Strong,1,1,NWPR,39.44207205,1,40.16970913,0.98905085,1,0.09869026,1,1,4510.95953877,4510.85466020,0.10487857,20846.03465736,20846.03704777,-0.00239042,40.00000000
528.00000000,Strong,1,1,NWPR,39.59567345,1,40.09850337,0.98681323,1,-0.19856577,1,1,4510.65369671,4510.85389263,-0.20019591,20885.25891102,20885.26186817,-0.00295715,40.00000000
529.00000000,Strong,1,1,NWPR,39.55618321,1,39.58868190,0.98851644,1,0.21383662,1,1,4511.07440963,4510.85231952,0.22209011,20924.48478488,20924.48667835,-0.00189348,40.00000000
530.00000000,Strong,1,1,NWPR,39.51714255,1,39.05415051,0.98772687,1,-0.13684282,1,1,4510.70632603,4510.85000000,-0.14367397,20963.70937187,20963.71147157,-0.00209969,40.00000000
531.00000000,Strong,1,1,NWPR,39.47728180,1,39.87310562,0.98941687,1,-0.00030260,1,1,4510.85118025,4510.84699525,0.00418500,21002.93486733,21002.93624158,-0.00137426,40.00000000
532.00000000,Strong,1,1,NWPR,39.32145820,1,39.59338947,0.99168711,1,-0.04850147,1,1,4510.79168697,4510.84336832,-0.05168135,21042.15904697,21042.16098272,-0.00193576,40.00000000
533.00000000,Strong,1,1,NWPR,39.47476257,1,39.44322710,0.98773775,1,-0.04837407,1,1,4510.78462831,4510.83918397,-0.05455566,21081.38575428,21081.38568985,0.00006443,40.00000000
534.00000000,Strong,1,1,NWPR,39.52569707,1,39.42148067,0.98751651,1,0.12372330,1,1,4510.96097276,4510.83450850,0.12646427,21120.61136959,21120.61035841,0.00101118,40.00000000
535.00000000,Strong,1,1,NWPR,39.54632371,1,39.37635665,0.98688141,1,0.02857706,1,1,4510.86361751,4510.82940952,0.03420799,21159.83696884,21159.83498442,0.00198442,40.00000000
536.00000000,Strong,1,1,NWPR,39.38466114,1,39.50531401,0.98876724,1,-0.09761933,1,1,4510.72433248,4510.82395585,-0.09962337,21199.05987905,21199.05956451,0.00031454,40.00000000
537.00000000,Strong,1,1,NWPR,39.47476652,1,39.81221669,0.98639708,1,-0.00367480,1,1,4510.81171621,4510.81821723,-0.00650102,21238.28383114,21238.28409587,-0.00026473,40.00000000
538.00000000,Strong,1,1,NWPR,39.56235059,1,39.66189648,0.98688666,1,-0.04608376,1,1,4510.76072696,4510.81226423,-0.05153727,21277.50921142,21277.50857636,0.00063506,40.00000000
539.00000000,Strong,1,1,NWPR,39.58077768,1,39.49984513,0.98814740,1,-0.07836860,1,1,4510.72334238,4510.80616798,-0.08282560,21316.73341386,21316.73300440,0.00040946,40.00000000
540.00000000,Strong,1,1,NWPR,39.52083710,1,39.57205671,0.98773583,1,-0.06974003,1,1,4510.73494255,4510.80000000,-0.06505745,21355.95857186,21355.95737907,0.00119279,40.00000000
