"time_s","state","frame_valid","cn0_valid","cn0_db_hz","truth_cn0_db_hz","fll_locked","dll_locked","doppler_hz","truth_doppler_hz","doppler_error_hz","carrier_rate_hz_s","truth_doppler_rate_hz_s","tracked_code_phase_chips","truth_code_phase_chips","code_phase_error_chips"
"0.02000000","Deep","1","0","0.00000000","30.00000000","0","0","4499.90000000","4500.00092360","-0.10092360","0.00000000","0.04618032","200.10844026","200.05844156","0.04999870"
"1.00000000","Deep","1","0","0.00000000","30.00000000","0","0","4499.90000000","4500.04617798","-0.14617798","0.00000000","0.04616406","202.97201299","202.92209292","0.04992007"
"2.00000000","Deep","1","0","0.00000000","30.00000000","1","1","4499.98425082","4500.09230423","-0.10805342","0.03649705","0.04607652","205.89370116","205.84421580","0.04948536"
"3.00000000","Deep","1","0","0.00000000","30.00000000","1","1","4500.10172134","4500.13830723","-0.03658589","0.08729561","0.04591762","208.81440117","208.76636861","0.04803256"
"4.00000000","Deep","1","1","29.49073023","30.00000000","1","1","4500.37137415","4500.18411585","0.18725830","0.14429039","0.04568784","211.73510578","211.68855123","0.04655455"
"5.00000000","Deep","1","1","29.52421675","30.00000000","1","1","4500.39994067","4500.22965952","0.17028114","0.10873047","0.04538788","214.65556908","214.61076351","0.04480557"
"6.00000000","Deep","1","1","29.52985898","30.00000000","1","1","4500.44205733","4500.27486850","0.16718883","0.09040891","0.04501860","217.57615151","217.53300526","0.04314625"
"7.00000000","Deep","1","1","29.57186928","30.00000000","1","1","4500.50106499","4500.31967397","0.18139102","0.08336166","0.04458108","220.49681714","220.45527624","0.04154090"
"8.00000000","Deep","1","1","29.54389867","30.00000000","1","1","4500.42864275","4500.36400832","0.06463443","0.05199283","0.04407656","223.41794726","223.37757616","0.04037110"
"9.00000000","Deep","1","1","29.50664380","30.00000000","1","1","4500.56456058","4500.40780525","0.15675533","0.06641673","0.04350650","226.33918999","226.29990470","0.03928529"
"10.00000000","Deep","1","1","29.50589467","30.00000000","1","1","4500.64313959","4500.45100000","0.19213959","0.06816278","0.04287249","229.26029948","229.22226149","0.03803799"
"11.00000000","Deep","1","1","29.52541374","30.00000000","1","1","4500.63030360","4500.49352952","0.13677408","0.05673543","0.04217634","232.18152115","232.14464612","0.03687504"
"12.00000000","Deep","1","1","29.56875711","30.00000000","1","1","4500.72867853","4500.53533263","0.19334590","0.06185124","0.04142002","235.10315297","235.06705813","0.03609484"
"13.00000000","Deep","1","1","29.60978994","30.00000000","1","1","4500.76203562","4500.57635020","0.18568542","0.05850692","0.04060563","238.02474479","237.98949703","0.03524776"
"14.00000000","Deep","1","1","29.66518702","30.00000000","1","1","4500.83481367","4500.61652530","0.21828837","0.06023215","0.03973549","240.94628565","240.91196229","0.03432335"
"15.00000000","Deep","1","1","29.60230122","30.00000000","1","1","4500.84932259","4500.65580339","0.19351920","0.05545074","0.03881201","243.86771217","243.83445336","0.03325881"
"16.00000000","Deep","1","1","29.61198109","30.00000000","1","1","4500.81947567","4500.69413241","0.12534326","0.04682756","0.03783780","246.78905487","246.75696963","0.03208524"
"17.00000000","Deep","1","1","29.58458392","30.00000000","1","1","4500.92962386","4500.73146298","0.19816088","0.05282185","0.03681557","249.71069357","249.67951046","0.03118311"
"18.00000000","Deep","1","1","29.49941359","30.00000000","1","1","4500.93432888","4500.76774850","0.16658038","0.04845058","0.03574818","252.63243634","252.60207520","0.03036114"
"19.00000000","Deep","1","1","29.51607334","30.00000000","1","1","4500.99493945","4500.80294528","0.19199417","0.04951158","0.03463862","255.55378002","255.52466314","0.02911687"
"20.00000000","Deep","1","1","29.51018462","30.00000000","1","1","4501.01757416","4500.83701270","0.18056146","0.04736209","0.03348997","258.47506636","258.44727358","0.02779278"
"21.00000000","Deep","1","1","29.54817951","30.00000000","1","1","4501.06958962","4500.86991326","0.19967636","0.04775352","0.03230544","261.39609698","261.36990576","0.02619122"
"22.00000000","Deep","1","1","29.57188996","30.00000000","1","1","4501.07163748","4500.90161273","0.17002475","0.04416190","0.03108834","264.31743769","264.29255892","0.02487877"
"23.00000000","Deep","1","1","29.52478130","30.00000000","1","1","4501.10140596","4500.93208021","0.16932575","0.04307688","0.02984205","267.23920172","267.21523227","0.02396945"
"24.00000000","Deep","1","1","29.48770149","30.00000000","1","1","4501.14231296","4500.96128826","0.18102471","0.04303165","0.02857005","270.16112909","270.13792499","0.02320411"
"25.00000000","Deep","1","1","29.44210056","30.00000000","1","1","4501.09136619","4500.98921291","0.10215327","0.03616878","0.02727587","273.08318680","273.06063626","0.02255054"
"26.00000000","Deep","1","1","29.42493943","30.00000000","1","1","4501.19658517","4501.01583380","0.18075137","0.04098793","0.02596312","276.00514926","275.98336524","0.02178402"
"27.00000000","Deep","1","1","29.47274772","30.00000000","1","1","4501.21184874","4501.04113417","0.17071457","0.03918779","0.02463544","278.92710548","278.90611108","0.02099439"
"28.00000000","Deep","1","1","29.47954225","30.00000000","1","1","4501.23937379","4501.06510095","0.17427284","0.03839017","0.02329655","281.84897160","281.82887292","0.02009868"
"29.00000000","Deep","1","1","29.45215808","30.00000000","1","1","4501.31987038","4501.08772477","0.23214561","0.04137008","0.02195015","284.77075447","284.75164988","0.01910459"
"30.00000000","Deep","1","1","29.46601269","30.00000000","1","1","4501.29839149","4501.10900000","0.18939149","0.03707592","0.02060000","287.69214044","287.67444110","0.01769934"
"31.00000000","Deep","1","1","29.00809806","10.00000000","1","1","4501.14696337","4501.12892477","0.01803861","0.02420870","0.01924985","290.61389418","290.59724570","0.01664848"
"32.00000000","Deep","1","1","28.58890246","10.00000000","1","1","4501.29586862","4501.14750095","0.14836767","0.03324504","0.01790345","293.53630049","293.52006279","0.01623770"
"33.00000000","Deep","1","1","28.33067910","10.00000000","1","1","4501.17747349","4501.16473417","0.01273932","0.02179479","0.01656456","296.45795781","296.44289151","0.01506630"
"34.00000000","Deep","1","1","27.82454890","10.00000000","1","1","4501.11965884","4501.18063380","-0.06097496","0.01573097","0.01523688","299.37903671","299.36573099","0.01330572"
"35.00000000","Deep","1","1","27.16700504","10.00000000","1","1","4501.26561131","4501.19521291","0.07039840","0.02556897","0.01392413","302.30077908","302.28858036","0.01219872"
"36.00000000","Deep","1","1","26.38910703","10.00000000","1","1","4501.34232802","4501.20848826","0.13383976","0.02946953","0.01262995","305.22272122","305.21143877","0.01128245"
"37.00000000","Deep","1","1","25.42225500","10.00000000","1","1","4501.18822376","4501.22048021","-0.03225645","0.01431515","0.01135795","308.14474638","308.13430539","0.01044099"
"38.00000000","Deep","1","1","24.15970953","10.00000000","1","1","4501.06223319","4501.23121273","-0.16897954","0.00294146","0.01011166","311.06670337","311.05717938","0.00952398"
"39.00000000","Deep","1","1","22.32711267","10.00000000","1","1","4500.80197142","4501.24071326","-0.43874184","-0.01810209","0.00889456","313.98874205","313.98005995","0.00868210"
"40.00000000","Deep","1","1","18.49172427","10.00000000","1","1","4500.84862792","4501.24901270","-0.40038478","-0.01266903","0.00771003","316.91064730","316.90294628","0.00770102"
"41.00000000","Deep","1","1","13.92580893","10.00000000","1","1","4501.12004670","4501.25614528","-0.13609858","0.00959476","0.00656138","319.83265997","319.82583763","0.00682234"
"42.00000000","Deep","1","1","11.88833367","10.00000000","1","1","4501.04490508","4501.26214850","-0.21724341","0.00223717","0.00545182","322.75446392","322.74873324","0.00573068"
"43.00000000","Deep","1","1","10.87937035","10.00000000","1","1","4501.37392827","4501.26706298","0.10686529","0.02755067","0.00438443","325.67599546","325.67163239","0.00436306"
"44.00000000","Deep","1","1","10.53179302","10.00000000","1","1","4501.54226020","4501.27093241","0.27132778","0.03814766","0.00336220","328.59860825","328.59453440","0.00407385"
"45.00000000","Deep","1","1","10.20510962","10.00000000","1","1","4501.69521741","4501.27380339","0.42141402","0.04665505","0.00238799","331.52154957","331.51743858","0.00411099"
"46.00000000","Deep","1","1","9.89227027","10.00000000","1","1","4501.41295765","4501.27572530","0.13723235","0.02155441","0.00146451","334.44445575","334.44034432","0.00411143"
"47.00000000","Deep","1","1","9.72019431","10.00000000","1","1","4501.10582231","4501.27675020","-0.17092788","-0.00302244","0.00059437","337.36738775","337.36325102","0.00413673"
"48.00000000","Deep","1","1","9.53699365","10.00000000","1","1","4500.89373488","4501.27693263","-0.38319775","-0.01831709","-0.00022002","340.29115529","340.28615810","0.00499719"
"49.00000000","Deep","1","1","9.14760950","10.00000000","1","1","4500.70335477","4501.27632952","-0.57297475","-0.03146905","-0.00097634","343.21421014","343.20906505","0.00514509"
"50.00000000","Deep","1","1","8.90488041","10.00000000","1","1","4500.53806766","4501.27500000","-0.73693234","-0.04153731","-0.00167249","346.13616162","346.13197136","0.00419026"
"51.00000000","Deep","1","1","7.89754461","10.00000000","1","1","4500.47106131","4501.27300525","-0.80194394","-0.04341579","-0.00230650","349.05760511","349.05487659","0.00272852"
"52.00000000","Deep","1","1","7.83898310","10.00000000","1","1","4500.21030961","4501.27040832","-1.06009871","-0.05973674","-0.00287656","351.97862981","351.97778033","0.00084948"
"53.00000000","Deep","1","1","8.12441599","10.00000000","1","1","4499.57618798","4501.26727397","-1.69108600","-0.10424776","-0.00338108","354.90052686","354.90068220","-0.00015534"
"54.00000000","Deep","1","1","8.46544236","10.00000000","1","1","4499.42728459","4501.26366850","-1.83638391","-0.10700179","-0.00381860","357.82231379","357.82358188","-0.00126809"
"55.00000000","Deep","1","1","8.97804444","10.00000000","1","1","4499.71514673","4501.25965952","-1.54451279","-0.07716059","-0.00418788","360.74408040","360.74647909","-0.00239869"
"56.00000000","Deep","1","1","9.22142698","10.00000000","1","1","4499.86281524","4501.25531585","-1.39250061","-0.06042083","-0.00448784","363.66589819","363.66937357","-0.00347539"
"57.00000000","Deep","1","1","9.41833542","10.00000000","1","1","4499.99634852","4501.25070723","-1.25435871","-0.04502154","-0.00471762","366.58728509","366.59226515","-0.00498006"
"58.00000000","Deep","1","1","9.81453351","10.00000000","1","1","4499.83259727","4501.24590423","-1.41330696","-0.05403066","-0.00487652","369.50893837","369.51515367","-0.00621530"
"59.00000000","Deep","1","1","10.10642690","10.00000000","1","1","4499.28773573","4501.24097798","-1.95324225","-0.09237613","-0.00496406","372.43080440","372.43803903","-0.00723463"
"60.00000000","Deep","1","1","10.43620793","10.00000000","1","1","4499.29462619","4501.23600000","-1.94137381","-0.08525162","-0.00497994","375.35241447","375.36092116","-0.00850669"
"61.00000000","Deep","1","1","10.86288136","10.00000000","1","1","4498.91627143","4501.23104202","-2.31477059","-0.10741866","-0.00492406","378.27378594","378.28380007","-0.01001413"
"62.00000000","Deep","1","1","11.03525699","10.00000000","1","1","4498.57507705","4501.22617577","-2.65109872","-0.12551826","-0.00479652","381.19548583","381.20667578","-0.01118995"
"63.00000000","Deep","1","1","11.00399437","10.00000000","1","1","4498.23721565","4501.22147277","-2.98425712","-0.14165077","-0.00459762","384.11706594","384.12954839","-0.01248245"
"64.00000000","Deep","1","1","10.83417413","10.00000000","1","1","4498.16133882","4501.21700415","-3.05566534","-0.13598502","-0.00432784","387.03884627","387.05241801","-0.01357174"
"65.00000000","Deep","1","1","10.36996722","10.00000000","1","1","4498.72065650","4501.21284048","-2.49218398","-0.08375554","-0.00398788","389.96071172","389.97528482","-0.01457310"
"66.00000000","Deep","1","1","10.31106206","10.00000000","1","1","4498.59556127","4501.20905150","-2.61349023","-0.08700928","-0.00357860","392.88208101","392.89814905","-0.01606804"
"67.00000000","Deep","1","1","10.13448344","10.00000000","1","1","4498.91211472","4501.20570603","-2.29359131","-0.05702582","-0.00310108","395.80335784","395.82101096","-0.01765312"
"68.00000000","Deep","1","1","9.67769757","10.00000000","1","1","4499.09203214","4501.20287168","-2.11083953","-0.03953444","-0.00255656","398.72458777","398.74387086","-0.01928309"
"69.00000000","Deep","1","1","9.51001959","10.00000000","1","1","4498.71217030","4501.20061475","-2.48844445","-0.06452164","-0.00194650","401.64565994","401.66672910","-0.02106916"
"70.00000000","Deep","1","1","9.16245389","10.00000000","1","1","4499.27016453","4501.19900000","-1.92883547","-0.01916132","-0.00127249","404.56675967","404.58958608","-0.02282641"
"71.00000000","Deep","1","1","9.14007682","10.00000000","1","1","4499.69887522","4501.19809048","-1.49921526","0.01311674","-0.00053634","407.48693439","407.51244224","-0.02550784"
"72.00000000","Deep","1","1","9.80478450","10.00000000","1","1","4499.35486734","4501.19794737","-1.84308003","-0.01347534","0.00025998","410.40681580","410.43529805","-0.02848226"
"73.00000000","Deep","1","1","9.89231538","10.00000000","1","1","4499.60384099","4501.19862980","-1.59478881","0.00603957","0.00111437","413.32780580","413.35815404","-0.03034824"
"74.00000000","Deep","1","1","9.68843853","10.00000000","1","1","4499.66983527","4501.20019470","-1.53035943","0.01018165","0.00202451","416.24910989","416.28101075","-0.03190086"
"75.00000000","Deep","1","1","9.86200927","10.00000000","1","1","4499.39310000","4501.20269661","-1.80959661","-0.01136434","0.00298799","419.17099263","419.20386878","-0.03287615"
"76.00000000","Deep","1","1","10.05384582","10.00000000","1","1","4499.29704314","4501.20618759","-1.90914445","-0.01782820","0.00400220","422.09212903","422.12672875","-0.03459972"
"77.00000000","Deep","1","1","10.10337767","10.00000000","1","1","4499.11448123","4501.21071702","-2.09623579","-0.03027640","0.00506443","425.01221533","425.04959132","-0.03737600"
"78.00000000","Deep","1","1","10.50260848","10.00000000","1","1","4499.30478991","4501.21633150","-1.91154159","-0.01381477","0.00617182","427.93242806","427.97245719","-0.04002913"
"79.00000000","Deep","1","1","10.87883191","10.00000000","1","1","4499.43274231","4501.22307472","-1.79033240","-0.00350748","0.00732138","430.85286089","430.89532706","-0.04246617"
"80.00000000","Deep","1","1","10.91842256","10.00000000","1","1","4498.98284908","4501.23098730","-2.24813822","-0.03679945","0.00851003","433.77386083","433.81820170","-0.04434086"
"81.00000000","Deep","1","1","10.60779299","10.00000000","1","1","4498.81865565","4501.24010674","-2.42145109","-0.04649481","0.00973456","436.69484169","436.74108185","-0.04624017"
"82.00000000","Deep","1","1","9.82509022","10.00000000","1","1","4499.19167321","4501.25046727","-2.05879406","-0.01504055","0.01099166","439.61652672","439.66396834","-0.04744162"
"83.00000000","Deep","1","1","9.58447864","10.00000000","1","1","4499.06844844","4501.26209979","-2.19365135","-0.02343921","0.01227795","442.53834689","442.58686196","-0.04851507"
"84.00000000","Deep","1","1","10.18666281","10.00000000","1","1","4498.98154716","4501.27503174","-2.29348458","-0.02826661","0.01358995","445.45960425","445.50976355","-0.05015930"
"85.00000000","Deep","1","1","10.42511508","10.00000000","1","1","4498.22920243","4501.28928709","-3.06008466","-0.08008688","0.01492413","448.37994665","448.43267397","-0.05272732"
"86.00000000","Deep","1","1","10.61004624","10.00000000","1","1","4497.82978570","4501.30488620","-3.47510050","-0.10310737","0.01627688","451.29908265","451.35559409","-0.05651143"
"87.00000000","Deep","1","1","10.33534572","10.00000000","1","1","4497.70564393","4501.32184583","-3.61620190","-0.10447037","0.01764456","454.21890947","454.27852477","-0.05961530"
"88.00000000","Deep","1","1","9.48819165","10.00000000","1","1","4497.74688210","4501.34017905","-3.59329695","-0.09389547","0.01902345","457.13932554","457.20146691","-0.06214137"
"89.00000000","Deep","1","1","8.34814244","10.00000000","1","1","4498.40794441","4501.35989523","-2.95195082","-0.03866079","0.02040985","460.06005787","460.12442141","-0.06436353"
"90.00000000","Deep","1","1","8.12265045","10.00000000","1","1","4498.20307609","4501.38100000","-3.17792391","-0.05134375","0.02180000","462.98100987","463.04738915","-0.06637928"
"91.00000000","Deep","1","1","8.84455492","10.00000000","1","1","4498.37845110","4501.40349523","-3.02504413","-0.03413955","0.02319015","465.90188889","465.97037106","-0.06848217"
"92.00000000","Deep","1","1","9.20572016","10.00000000","1","1","4499.10541581","4501.42737905","-2.32196324","0.02142972","0.02457655","468.82305032","468.89336802","-0.07031770"
"93.00000000","Deep","1","1","9.40423328","10.00000000","1","1","4499.56866734","4501.45264583","-1.88397848","0.05367277","0.02595544","471.74420442","471.81638094","-0.07217652"
"94.00000000","Deep","1","1","9.39998184","10.00000000","1","1","4499.98909076","4501.47928620","-1.49019544","0.08097014","0.02732312","474.66592567","474.73941071","-0.07348504"
"95.00000000","Deep","1","1","9.82071788","10.00000000","1","1","4499.97555743","4501.50728709","-1.53172966","0.07377118","0.02867587","477.58831135","477.66245823","-0.07414688"
"96.00000000","Deep","1","1","9.81425561","10.00000000","1","1","4500.35266860","4501.53663174","-1.18396314","0.09578206","0.03001005","480.51135840","480.58552436","-0.07416596"
"97.00000000","Deep","1","1","10.35854733","10.00000000","1","1","4500.04222867","4501.56729979","-1.52507112","0.06554146","0.03132205","483.43467643","483.50860999","-0.07393356"
"98.00000000","Deep","1","1","10.86659524","10.00000000","1","1","4500.35861033","4501.59926727","-1.24065694","0.08405420","0.03260834","486.35774538","486.43171594","-0.07397056"
"99.00000000","Deep","1","1","11.30325518","10.00000000","1","1","4500.17845838","4501.63250674","-1.45404835","0.06365189","0.03386544","489.28081181","489.35484308","-0.07403127"
"100.00000000","Deep","1","1","11.57933761","10.00000000","1","1","4500.11866142","4501.66698730","-1.54832588","0.05443013","0.03508997","492.20255232","492.27799220","-0.07543988"
"101.00000000","Deep","1","1","11.41470962","10.00000000","1","1","4499.55684517","4501.70267472","-2.14582954","0.00747412","0.03627862","495.12435182","495.20116410","-0.07681228"
"102.00000000","Deep","1","1","11.12858752","10.00000000","1","1","4499.69792282","4501.73953150","-2.04160868","0.01808791","0.03742818","498.04686295","498.12435956","-0.07749661"
"103.00000000","Deep","1","1","10.79079264","10.00000000","1","1","4499.78876064","4501.77751702","-1.98875638","0.02338686","0.03853557","500.96842890","501.04757932","-0.07915042"
"104.00000000","Deep","1","1","10.40390463","10.00000000","1","1","4499.53110017","4501.81658759","-2.28548742","0.00133322","0.03959780","503.88833003","503.97082410","-0.08249407"
"105.00000000","Deep","1","1","10.20129682","10.00000000","1","1","4499.65540927","4501.85669661","-2.20128734","0.01115234","0.04061201","506.80925254","506.89409459","-0.08484205"
"106.00000000","Deep","1","1","10.22171054","10.00000000","1","1","4499.07277138","4501.89779470","-2.82502331","-0.03434267","0.04157549","509.73084481","509.81739145","-0.08654665"
"107.00000000","Deep","1","1","10.07036362","10.00000000","1","1","4498.95552651","4501.93982980","-2.98430329","-0.04025345","0.04248563","512.65288453","512.74071531","-0.08783078"
"108.00000000","Deep","1","1","9.82404084","10.00000000","1","1","4499.05181342","4501.98274737","-2.93093395","-0.02916042","0.04334002","515.57508490","515.66406675","-0.08898185"
"109.00000000","Deep","1","1","9.70486131","10.00000000","1","1","4499.23192513","4502.02649048","-2.79456535","-0.01330940","0.04413634","518.49587539","518.58744633","-0.09157094"
"110.00000000","Deep","1","1","9.73688963","10.00000000","1","1","4499.36739007","4502.07100000","-2.70360993","-0.00213296","0.04487249","521.41704516","521.51085456","-0.09380940"
"111.00000000","Deep","1","1","9.91881981","10.00000000","1","1","4499.35245187","4502.11621475","-2.76376288","-0.00295065","0.04554650","524.33931140","524.43429194","-0.09498054"
"112.00000000","Deep","1","1","10.21567557","10.00000000","1","1","4499.38839742","4502.16207168","-2.77367425","0.00060145","0.04615656","527.26147639","527.35775888","-0.09628249"
"113.00000000","Deep","1","1","10.71922365","10.00000000","1","1","4499.60215490","4502.20850603","-2.60635113","0.01663944","0.04670108","530.18370822","530.28125579","-0.09754757"
"114.00000000","Deep","1","1","10.67368523","10.00000000","1","1","4499.49623055","4502.25545150","-2.75922095","0.00713123","0.04717860","533.10605858","533.20478302","-0.09872444"
"115.00000000","Deep","1","1","10.38039246","10.00000000","1","1","4499.97813448","4502.30284048","-2.32470599","0.04304759","0.04758788","536.02844655","536.12834089","-0.09989434"
"116.00000000","Deep","1","1","10.05943910","10.00000000","1","1","4500.11901158","4502.35060415","-2.23159257","0.04990609","0.04792784","538.95038498","539.05192965","-0.10154467"
"117.00000000","Deep","1","1","9.83369090","10.00000000","1","1","4499.97683191","4502.39867277","-2.42184086","0.03559623","0.04819762","541.87210717","541.97554953","-0.10344236"
"118.00000000","Deep","1","1","9.33276345","10.00000000","1","1","4499.71213648","4502.44697577","-2.73483929","0.01323267","0.04839652","544.79406497","544.89920070","-0.10513574"
"119.00000000","Deep","1","1","9.52645821","10.00000000","1","1","4499.58176312","4502.49544202","-2.91367890","0.00314139","0.04852406","547.71556475","547.82288330","-0.10731855"
"120.00000000","Deep","1","1","9.55574955","10.00000000","1","1","4500.40055436","4502.54400000","-2.14344564","0.06203357","0.04857994","550.63644921","550.74659740","-0.11014819"
"121.00000000","Deep","1","1","9.18251027","10.00000000","1","1","4500.88272584","4502.59257798","-1.70985214","0.09255889","0.04856406","553.55840492","553.67034305","-0.11193813"
"122.00000000","Deep","1","1","9.04378698","10.00000000","1","1","4500.98513266","4502.64110423","-1.65597157","0.09346521","0.04847652","556.48155866","556.59412022","-0.11256156"
"123.00000000","Deep","1","1","9.36143740","10.00000000","1","1","4501.43990631","4502.68950723","-1.24960092","0.11970885","0.04831762","559.40461655","559.51792887","-0.11331232"
"124.00000000","Deep","1","1","9.68133298","10.00000000","1","1","4501.81493429","4502.73771585","-0.92278156","0.13768246","0.04808784","562.32781179","562.44176889","-0.11395709"
"125.00000000","Deep","1","1","9.37701728","10.00000000","1","1","4501.92152263","4502.78565952","-0.86413689","0.13557424","0.04778788","565.25147634","565.36564013","-0.11416379"
"126.00000000","Deep","1","1","9.17489054","10.00000000","1","1","4501.72390480","4502.83326850","-1.10936370","0.11220814","0.04741860","568.17516423","568.28954240","-0.11437817"
"127.00000000","Deep","1","1","9.31371386","10.00000000","1","1","4501.62086830","4502.88047397","-1.25960567","0.09716798","0.04698108","571.09878218","571.21347546","-0.11469328"
"128.00000000","Deep","1","1","9.66335672","10.00000000","1","1","4501.95394404","4502.92720832","-0.97326428","0.11447457","0.04647656","574.02231620","574.13743902","-0.11512281"
"129.00000000","Deep","1","1","9.40747342","10.00000000","1","1","4502.56632805","4502.97340525","-0.40707720","0.14996511","0.04590650","576.94564331","577.06143275","-0.11578945"
"130.00000000","Deep","1","1","9.26410715","10.00000000","1","1","4502.94786607","4503.01900000","-0.07113393","0.16728862","0.04527249","579.86991086","579.98545630","-0.11554544"
"131.00000000","Deep","1","1","9.60413009","10.00000000","1","1","4503.33468421","4503.06392952","0.27075469","0.18441501","0.04457634","582.79542366","582.90950923","-0.11408558"
"132.00000000","Deep","1","1","9.68640594","10.00000000","1","1","4503.79026331","4503.10813263","0.68213068","0.20512671","0.04382002","585.72117178","585.83359111","-0.11241933"
"133.00000000","Deep","1","1","8.85464455","10.00000000","1","1","4504.37145616","4503.15155020","1.21990597","0.23390942","0.04300563","588.64720356","588.75770144","-0.11049789"
"134.00000000","Deep","1","1","7.98570908","10.00000000","1","1","4504.27454811","4503.19412530","1.08042280","0.20795696","0.04213549","591.57157006","591.68183970","-0.11026964"
"135.00000000","Deep","1","1","8.16755556","10.00000000","1","1","4504.63483211","4503.23580339","1.39902872","0.21935833","0.04121201","594.49549117","594.60600531","-0.11051413"
"136.00000000","Deep","1","1","8.38139528","10.00000000","1","1","4504.67776451","4503.27653241","1.40123209","0.20592671","0.04023780","597.42105472","597.53019768","-0.10914296"
"137.00000000","Deep","1","1","8.07912942","10.00000000","1","1","4504.71944632","4503.31626298","1.40318333","0.19333132","0.03921557","600.34659859","600.45441617","-0.10781758"
"138.00000000","Deep","1","1","8.16507862","10.00000000","1","1","4504.95249557","4503.35494850","1.59754707","0.19673689","0.03814818","603.27194284","603.37866013","-0.10671729"
"139.00000000","Deep","1","1","8.11323772","10.00000000","1","1","4505.53812971","4503.39254528","2.14558442","0.22692261","0.03703862","606.19766356","606.30292886","-0.10526529"
"140.00000000","Deep","1","1","8.22985961","10.00000000","1","1","4506.02096237","4503.42901270","2.59194967","0.24693023","0.03588997","609.12389477","609.22722163","-0.10332686"
"141.00000000","Deep","1","1","8.16530274","10.00000000","1","1","4505.96665001","4503.46431326","2.50233675","0.22274877","0.03470544","612.05031145","612.15153771","-0.10122627"
"142.00000000","Deep","1","1","8.33030428","10.00000000","1","1","4505.90196118","4503.49841273","2.40354846","0.20073929","0.03348834","614.97655764","615.07587633","-0.09931868"
"143.00000000","Deep","1","1","8.68082415","10.00000000","1","1","4506.31472085","4503.53128021","2.78344064","0.21740988","0.03224205","617.90195381","618.00023668","-0.09828288"
"144.00000000","Deep","1","1","9.38584268","10.00000000","1","1","4506.65639483","4503.56288826","3.09350657","0.22735401","0.03097005","620.82733006","620.92461798","-0.09728791"
"145.00000000","Deep","1","1","9.49879210","10.00000000","1","1","4506.27571261","4503.59321291","2.68249969","0.17980125","0.02967587","623.75376658","623.84901938","-0.09525280"
"146.00000000","Deep","1","1","9.41344769","10.00000000","1","1","4506.56793844","4503.62223380","2.94570464","0.18884369","0.02836312","626.68019136","626.77344005","-0.09324869"
"147.00000000","Deep","1","1","9.45329140","10.00000000","1","1","4506.80814038","4503.64993417","3.15820620","0.19266332","0.02703544","629.60746252","629.69787913","-0.09041661"
"148.00000000","Deep","1","1","9.23146496","10.00000000","1","1","4506.74291386","4503.67630095","3.06661291","0.17301734","0.02569655","632.53462443","632.62233578","-0.08771135"
"149.00000000","Deep","1","1","9.12322513","10.00000000","1","1","4506.51233794","4503.70132477","2.81101317","0.14383622","0.02435015","635.46124197","635.54680910","-0.08556714"
"150.00000000","Deep","1","1","8.86979582","10.00000000","1","1","4506.78711539","4503.72500000","3.06211539","0.15343874","0.02300000","638.38826012","638.47129824","-0.08303812"
"151.00000000","Deep","1","1","9.12081438","10.00000000","1","1","4507.03744247","4503.74732477","3.29011770","0.16103538","0.02164985","641.31558129","641.39580232","-0.08022103"
"152.00000000","Deep","1","1","9.44791006","10.00000000","1","1","4507.15521358","4503.76830095","3.38691263","0.15822125","0.02030345","644.24298705","644.32032045","-0.07733340"
"153.00000000","Deep","1","1","9.44146432","10.00000000","1","1","4506.98614912","4503.78793417","3.19821495","0.13544457","0.01896456","647.17031026","647.24485177","-0.07454151"
"154.00000000","Deep","1","1","9.57289748","10.00000000","1","1","4507.24884985","4503.80623380","3.44261605","0.14453035","0.01763688","650.09637996","650.16939540","-0.07301544"
"155.00000000","Deep","1","1","9.99760965","10.00000000","1","1","4507.76282195","4503.82321291","3.93960904","0.17105852","0.01632413","653.02306231","653.09395049","-0.07088818"
"156.00000000","Deep","1","1","10.19922466","10.00000000","1","1","4507.65267483","4503.83888826","3.81378657","0.14988487","0.01502995","655.95142283","656.01851618","-0.06709334"
"157.00000000","Deep","1","1","10.37405696","10.00000000","1","1","4507.51382791","4503.85328021","3.66054769","0.12878476","0.01375795","658.87930628","658.94309162","-0.06378534"
"158.00000000","Deep","1","1","10.30138521","10.00000000","1","1","4507.05814242","4503.86641273","3.19172969","0.08616452","0.01251166","661.80652051","661.86767601","-0.06115550"
"159.00000000","Deep","1","1","10.10542834","10.00000000","1","1","4507.63323167","4503.87831326","3.75491841","0.12221326","0.01129456","664.73338515","664.79226852","-0.05888337"
"160.00000000","Deep","1","1","10.02081520","10.00000000","1","1","4507.80677021","4503.88901270","3.91775751","0.12586343","0.01011003","667.66033508","667.71686836","-0.05653329"
"161.00000000","Deep","1","1","9.78994859","10.00000000","1","1","4507.87654827","4503.89854528","3.97800299","0.12169878","0.00896138","670.58802087","670.64147477","-0.05345391"
"162.00000000","Deep","1","1","9.51844548","10.00000000","1","1","4508.22279831","4503.90694850","4.31584982","0.13772143","0.00785182","673.51605381","673.56608701","-0.05003319"
"163.00000000","Deep","1","1","9.53583389","10.00000000","1","1","4508.60426479","4503.91426298","4.69000181","0.15565049","0.00678443","676.44415065","676.49070434","-0.04655369"
"164.00000000","Deep","1","1","9.13370307","10.00000000","1","1","4509.19794195","4503.92053241","5.27740954","0.18737865","0.00576220","679.37252750","679.41532608","-0.04279858"
"165.00000000","Deep","1","1","8.72678849","10.00000000","1","1","4509.57481425","4503.92580339","5.64901086","0.20113480","0.00478799","682.30085931","682.33995157","-0.03909227"
"166.00000000","Deep","1","1","8.63819006","10.00000000","1","1","4509.82083531","4503.93012530","5.89071001","0.20475007","0.00386451","685.22942124","685.26458017","-0.03515893"
"167.00000000","Deep","1","1","7.49018264","10.00000000","1","1","4509.91143527","4503.93355020","5.97788508","0.19565600","0.00299437","688.15832797","688.18921128","-0.03088331"
"168.00000000","Deep","1","1","6.90695757","10.00000000","1","1","4509.99004900","4503.93613263","6.05391637","0.18682865","0.00217998","691.08712057","691.11384434","-0.02672376"
"169.00000000","Deep","1","1","7.44866962","10.00000000","1","1","4509.76442355","4503.93792952","5.82649403","0.15625224","0.00142366","694.01577411","694.03847881","-0.02270470"
"170.00000000","Deep","1","1","8.15881410","10.00000000","1","1","4509.68458824","4503.93900000","5.74558824","0.13859788","0.00072751","696.94408225","696.96311422","-0.01903197"
"171.00000000","Deep","1","1","8.02591243","10.00000000","1","1","4509.62830912","4503.93940525","5.68890387","0.12356288","0.00009350","699.87233509","699.88775010","-0.01541501"
"172.00000000","Deep","1","1","7.23686277","10.00000000","1","1","4509.76952666","4503.93920832","5.83031834","0.12532536","-0.00047656","702.80058077","702.81238604","-0.01180527"
"173.00000000","Deep","1","1","6.61460924","10.00000000","1","1","4509.79698606","4503.93847397","5.85851208","0.11836464","-0.00098108","705.72861267","705.73702168","-0.00840901"
"174.00000000","Deep","1","1","6.49912890","10.00000000","1","1","4509.81044659","4503.93726850","5.87317810","0.10988781","-0.00141860","708.65563943","708.66165669","-0.00601726"
"175.00000000","Deep","1","1","6.41545980","10.00000000","1","1","4509.42782591","4503.93565952","5.49216638","0.07340229","-0.00178788","711.58299403","711.58629077","-0.00329675"
"176.00000000","Deep","1","1","5.89888488","10.00000000","1","1","4509.22905224","4503.93371585","5.29533640","0.05309008","-0.00208784","714.51099125","714.51092370","0.00006755"
"177.00000000","Deep","1","1","6.72658469","10.00000000","1","1","4509.01425386","4503.93150723","5.08274663","0.03354773","-0.00231762","717.43967227","717.43555528","0.00411699"
"178.00000000","Deep","1","1","7.47376893","10.00000000","1","1","4509.33835665","4503.92910423","5.40925242","0.05485582","-0.00247652","720.36900632","720.36018536","0.00882096"
"179.00000000","Deep","1","1","7.44429343","10.00000000","1","1","4509.62408737","4503.92657798","5.69750939","0.07190378","-0.00256406","723.29641368","723.28481383","0.01159985"
"180.00000000","Deep","1","1","6.73316894","10.00000000","1","1","4510.28951913","4503.92400000","6.36551913","0.11469490","-0.00257994","726.22365266","726.20944064","0.01421201"
"181.00000000","Deep","1","1","7.15216140","10.00000000","1","1","4510.53264649","4503.92144202","6.61120447","0.12349840","-0.00252406","729.15329144","729.13406579","0.01922565"
"182.00000000","Deep","1","1","7.94444835","10.00000000","1","1","4510.33497718","4503.91897577","6.41600141","0.10030553","-0.00239652","732.08273197","732.05868929","0.02404267"
"183.00000000","Deep","1","1","8.38477947","10.00000000","1","1","4510.07419728","4503.91667277","6.15752452","0.07441705","-0.00219762","735.01122081","734.98331124","0.02790957"
"184.00000000","Deep","1","1","8.70544305","10.00000000","1","1","4509.69073259","4503.91460415","5.77612844","0.04168702","-0.00192784","737.94002656","737.90793177","0.03209478"
"185.00000000","Deep","1","1","8.65581601","10.00000000","1","1","4509.55319516","4503.91284048","5.64035468","0.02919153","-0.00158788","740.86939552","740.83255106","0.03684447"
"186.00000000","Deep","1","1","9.19925133","10.00000000","1","1","4509.08994393","4503.91145150","5.17849242","-0.00642528","-0.00117860","743.79805160","743.75716931","0.04088229"
"187.00000000","Deep","1","1","9.83041983","10.00000000","1","1","4508.92159631","4503.91050603","5.01109028","-0.01795406","-0.00070108","746.72596331","746.68178680","0.04417651"
"188.00000000","Deep","1","1","10.23957969","10.00000000","1","1","4508.65820208","4503.91007168","4.74813041","-0.03608530","-0.00015656","749.65304479","749.60640384","0.04664095"
"189.00000000","Deep","1","1","10.45819498","10.00000000","1","1","4508.60756127","4503.91021475","4.69734652","-0.03666012","0.00045350","752.57964747","752.53102079","0.04862668"
"190.00000000","Deep","1","1","10.75330839","10.00000000","1","1","4508.64232763","4503.91100000","4.73132763","-0.03110178","0.00112751","755.50788586","755.45563803","0.05224783"
"191.00000000","Deep","1","1","10.79656272","10.00000000","1","1","4508.62424386","4503.91249048","4.71175337","-0.03063470","0.00186366","758.43611049","758.38025600","0.05585448"
"192.00000000","Deep","1","1","10.78982409","10.00000000","1","1","4508.38543090","4503.91474737","4.47068353","-0.04478973","0.00265998","761.36357322","761.30487519","0.05869803"
"193.00000000","Deep","1","1","10.80008642","10.00000000","1","1","4508.58519124","4503.91782980","4.66736144","-0.02763685","0.00351437","764.29102193","764.22949612","0.06152582"
"194.00000000","Deep","1","1","10.73467684","10.00000000","1","1","4508.23865676","4503.92179470","4.31686206","-0.05111309","0.00442451","767.21829842","767.15411932","0.06417910"
"195.00000000","Deep","1","1","10.88775353","10.00000000","1","1","4507.71462664","4503.92669661","3.78793003","-0.08477357","0.00538799","770.14417268","770.07874540","0.06542728"
"196.00000000","Deep","1","1","10.66774703","10.00000000","1","1","4507.81485442","4503.93258759","3.88226684","-0.07154855","0.00640220","773.06929331","773.00337498","0.06591832"
"197.00000000","Deep","1","1","10.36002937","10.00000000","1","1","4507.38612443","4503.93951702","3.44660741","-0.09764898","0.00746443","775.99535062","775.92800873","0.06734189"
"198.00000000","Deep","1","1","10.54121433","10.00000000","1","1","4507.40680574","4503.94753150","3.45927424","-0.08868589","0.00857182","778.92147045","778.85264732","0.06882313"
"199.00000000","Deep","1","1","10.95666638","10.00000000","1","1","4507.30511228","4503.95667472","3.34843757","-0.08942801","0.00972138","781.84816805","781.77729148","0.07087657"
"200.00000000","Deep","1","1","10.98369894","10.00000000","1","1","4506.91374363","4503.96698730","2.94675633","-0.11176869","0.01091003","784.77476432","784.70194196","0.07282237"
"201.00000000","Deep","1","1","10.59342886","10.00000000","1","1","4507.02538319","4503.97850674","3.04687645","-0.09577012","0.01213456","787.70128965","787.62659952","0.07469013"
"202.00000000","Deep","1","1","10.19275600","10.00000000","1","1","4506.85661686","4503.99126727","2.86534959","-0.10127253","0.01339166","790.62780154","790.55126496","0.07653658"
"203.00000000","Deep","1","1","10.05395001","10.00000000","1","1","4506.33215505","4504.00529979","2.32685526","-0.13251937","0.01467795","793.55417235","793.47593910","0.07823325"
"204.00000000","Deep","1","1","9.95492278","10.00000000","1","1","4506.08260860","4504.02063174","2.06197685","-0.14029207","0.01598995","796.47991427","796.40062277","0.07929150"
"205.00000000","Deep","1","1","9.93275528","10.00000000","1","1","4505.37907266","4504.03728709","1.34178557","-0.18101197","0.01732413","799.40532106","799.32531683","0.08000422"
"206.00000000","Deep","1","1","10.20194817","10.00000000","1","1","4504.96696862","4504.05528620","0.91168242","-0.19767287","0.01867688","802.32975634","802.25002214","0.07973420"
"207.00000000","Deep","1","1","10.36902125","10.00000000","1","1","4504.68000326","4504.07464583","0.60535743","-0.20432548","0.02004456","805.25384049","805.17473958","0.07910091"
"208.00000000","Deep","1","1","10.16745548","10.00000000","1","1","4504.57674240","4504.09537905","0.48136335","-0.19671765","0.02142345","808.17729390","808.09947003","0.07782387"
"209.00000000","Deep","1","1","9.60705169","10.00000000","1","1","4504.22015106","4504.11749523","0.10265583","-0.20809709","0.02280985","811.10083378","811.02421439","0.07661939"
"210.00000000","Deep","1","1","9.35432139","10.00000000","1","1","4504.17002126","4504.14100000","0.02902126","-0.19652008","0.02420000","814.02497652","813.94897357","0.07600295"
"211.00000000","Deep","1","1","9.67849213","10.00000000","1","1","4503.54819503","4504.16589523","-0.61770020","-0.22738455","0.02559015","816.94927790","816.87374846","0.07552944"
"212.00000000","Deep","1","1","9.80815565","10.00000000","1","1","4502.92951923","4504.19217905","-1.26265982","-0.25586584","0.02697655","819.87365453","819.79853997","0.07511457"
"213.00000000","Deep","1","1","9.76420388","10.00000000","1","1","4502.88254803","4504.21984583","-1.33729780","-0.24095366","0.02835544","822.79825200","822.72334899","0.07490301"
"214.00000000","Deep","1","1","9.98865748","10.00000000","1","1","4502.61784204","4504.24888620","-1.63104416","-0.24264918","0.02972312","825.72300244","825.64817643","0.07482601"
"215.00000000","Deep","1","1","10.18050395","10.00000000","1","1","4502.44989010","4504.27928709","-1.82939698","-0.23764809","0.03107587","828.64696645","828.57302316","0.07394329"
"216.00000000","Deep","1","1","10.49380843","10.00000000","1","1","4502.20462971","4504.31103174","-2.10640203","-0.23827200","0.03241005","831.57058431","831.49789008","0.07269423"
"217.00000000","Deep","1","1","10.72141472","10.00000000","1","1","4502.44135164","4504.34409979","-1.90274815","-0.20301008","0.03372205","834.49349608","834.42277804","0.07071804"
"218.00000000","Deep","1","1","10.95159127","10.00000000","1","1","4502.42784574","4504.37846727","-1.95062153","-0.18961987","0.03500834","837.41662625","837.34768789","0.06893836"
"219.00000000","Deep","1","1","11.10664277","10.00000000","1","1","4502.98404055","4504.41410674","-1.43006619","-0.13525801","0.03626544","840.33984153","840.27262048","0.06722105"
"220.00000000","Deep","1","1","11.21058196","10.00000000","1","1","4502.66041670","4504.45098730","-1.79057060","-0.14968101","0.03748997","843.26341281","843.19757661","0.06583619"
"221.00000000","Deep","1","1","11.11886795","10.00000000","1","1","4501.57391492","4504.48907472","-2.91515980","-0.21910722","0.03867862","846.18679658","846.12255709","0.06423949"
"222.00000000","Deep","1","1","11.15391927","10.00000000","1","1","4501.28203865","4504.52833150","-3.24629285","-0.22436792","0.03982818","849.10969341","849.04756268","0.06213073"
"223.00000000","Deep","1","1","11.27855256","10.00000000","1","1","4501.34791860","4504.56871702","-3.22079842","-0.20232602","0.04093557","852.03250692","851.97259413","0.05991279"
"224.00000000","Deep","1","1","11.18404142","10.00000000","1","1","4501.31858948","4504.61018759","-3.29159810","-0.18961396","0.04199780","854.95544916","854.89765215","0.05779701"
"225.00000000","Deep","1","1","11.08967194","10.00000000","1","1","4501.63090658","4504.65269661","-3.02179003","-0.15208349","0.04301201","857.87842622","857.82273745","0.05568877"
"226.00000000","Deep","1","1","10.63385955","10.00000000","1","1","4501.29423160","4504.69619470","-3.40196310","-0.16528027","0.04397549","860.80189024","860.74785068","0.05403957"
"227.00000000","Deep","1","1","10.27450333","10.00000000","1","1","4501.69199400","4504.74062980","-3.04863580","-0.12329860","0.04488563","863.72542458","863.67299245","0.05243212"
"228.00000000","Deep","1","1","9.55533479","10.00000000","1","1","4501.48066167","4504.78594737","-3.30528570","-0.13041770","0.04574002","866.64926270","866.59816337","0.05109933"
"229.00000000","Deep","1","1","8.85588033","10.00000000","1","1","4501.53669225","4504.83209048","-3.29539823","-0.11582829","0.04653634","869.57240975","869.52336399","0.04904576"
"230.00000000","Deep","1","1","8.40682245","10.00000000","1","1","4501.54191401","4504.87900000","-3.33708599","-0.10795095","0.04727249","872.49505632","872.44859482","0.04646150"
"231.00000000","Deep","1","1","7.85043605","10.00000000","1","1","4501.54670675","4504.92661475","-3.37990800","-0.09949954","0.04794650","875.41816606","875.37385635","0.04430971"
"232.00000000","Deep","1","1","7.86461718","10.00000000","1","1","4501.09286615","4504.97487168","-3.88200553","-0.12561408","0.04855656","878.34156549","878.29914901","0.04241648"
"233.00000000","Deep","1","1","7.75324326","10.00000000","1","1","4500.78134671","4505.02370603","-4.24235932","-0.13920298","0.04910108","881.26464681","881.22447319","0.04017362"
"234.00000000","Deep","1","1","7.72293791","10.00000000","1","1","4500.42962399","4505.07305150","-4.64342752","-0.15502250","0.04957860","884.18753547","884.14982926","0.03770621"
"235.00000000","Deep","1","1","6.80695167","10.00000000","1","1","4499.94806614","4505.12284048","-5.17477433","-0.17872200","0.04998788","887.11004573","887.07521751","0.03482822"
"236.00000000","Deep","1","1","6.54837145","10.00000000","1","1","4499.59657728","4505.17300415","-5.57642687","-0.19111269","0.05032784","890.03209491","890.00063822","0.03145669"
"237.00000000","Deep","1","1","6.93746989","10.00000000","1","1","4499.47798714","4505.22347277","-5.74548563","-0.18601177","0.05059762","892.95329272","892.92609161","0.02720112"
"238.00000000","Deep","1","1","7.58026799","10.00000000","1","1","4498.78546477","4505.27417577","-6.48871100","-0.22198672","0.05079652","895.87466195","895.85157785","0.02308411"
"239.00000000","Deep","1","1","8.21705859","10.00000000","1","1","4499.62762269","4505.32504202","-5.69741934","-0.14518261","0.05092406","898.79684770","898.77709707","0.01975064"
"240.00000000","Deep","1","1","8.41554912","10.00000000","1","1","4499.74477552","4505.37600000","-5.63122448","-0.12641801","0.05097994","901.71970240","901.70264935","0.01705305"
