scenario,time_s,frame_id,state,state_pending,frame_valid,cn0_valid,cn0_method,cn0_window_blocks,cn0_db_hz,cn0_fast_valid,cn0_fast_db_hz,cn0_control_valid,cn0_control_db_hz,pli,fll_locked,dll_locked,fll_latest_hz,fll_mean_hz,fll_se_hz,dll_mean_chips,doppler_hz,tracked_code_phase_chips,coherent_ms,noncoherent_blocks,carrier_obs_ms,carrier_update_ms,dll_obs_ms,dll_update_ms,use_phase,use_frequency,carrier_rate_hz_s,kf_rate_noise_hz2_s3,kf_health_valid,kf_freq_sigma_hz,kf_rate_sigma_hz_s,kf_freq_nis,kf_freq_accept_ratio,truth_doppler_hz,doppler_error_hz,truth_doppler_rate_hz_s,rate_error_hz_s,truth_code_phase_chips,code_phase_error_chips,truth_cn0_db_hz
pullin_28db_fp31p25_cp0p3,0.02000000,1,PullIn,0,1,0,M2M4,1000,0.00000000,0,0.00000000,0,0.00000000,0.18191756,0,1,0.00000000,0.00000000,0.00000000,-0.05196926,4468.75000000,201.07717391,1.00000000,20.00000000,100.00000000,20.00000000,20.00000000,20.00000000,0,1,0.00000000,0.00010000,0,100.00000060,0.50000200,1.00000000,1.00000000,4500.00092360,-31.25092360,0.04618032,-0.04618032,200.78260878,0.29456514,28.00000000
pullin_28db_fp31p25_cp0p3,1.00000000,50,PullIn,0,1,1,M2M4,1000,26.18350324,0,0.00000000,0,0.00000000,0.21307386,1,1,-1.05315855,0.77839028,0.69654047,-0.02171874,4500.05281018,239.07155651,1.00000000,20.00000000,100.00000000,20.00000000,20.00000000,20.00000000,0,1,0.00083547,0.00009122,1,2.87126020,0.49950807,0.16204901,1.00000000,4500.04617798,0.00663220,0.04616406,-0.04532859,239.13063557,-0.05907905,28.00000000
pullin_28db_fp31p25_cp0p3,2.00000000,100,PullIn,0,1,1,M2M4,1000,28.33483975,0,0.00000000,0,0.00000000,0.19043793,1,1,0.00000000,0.46121001,0.34315424,-0.00153168,4500.07610993,278.06034093,1.00000000,20.00000000,100.00000000,20.00000000,20.00000000,20.00000000,0,1,0.00084029,0.00008255,1,1.62924761,0.49253307,0.02942422,1.00000000,4500.09230423,-0.01619430,0.04607652,-0.04523624,278.26167251,-0.20133159,28.00000000
pullin_28db_fp31p25_cp0p3,3.00000000,150,Lock,0,1,0,NWPR,1500,0.00000000,1,29.47505658,0,0.00000000,0.77175958,1,1,-2.78895247,-0.02544442,0.59843501,0.09349687,4500.20471952,317.48075251,20.00000000,1.00000000,20.00000000,20.00000000,20.00000000,20.00000000,1,1,0.20144803,0.00007470,0,0.13380694,0.30508846,1.00000000,1.00000000,4500.13830723,0.06641229,0.04591762,0.15553041,317.39311007,0.08764244,28.00000000
pullin_28db_fp31p25_cp0p3,4.00000000,200,Strong,0,1,0,NWPR,200,0.00000000,1,26.95101525,1,27.48413012,0.79137468,0,0,7.48056232,7.48056232,0.00000000,-0.24000385,4500.10717848,356.61057492,20.00000000,1.00000000,20.00000000,20.00000000,20.00000000,20.00000000,1,1,-0.02310315,0.00006760,0,0.05756619,0.06388907,1.00000000,1.00000000,4500.18411585,-0.07693737,0.04568784,-0.06879099,356.52494686,0.08562806,28.00000000
pullin_28db_fp31p25_cp0p3,5.00000000,250,Strong,0,1,0,NWPR,200,0.00000000,1,24.77653268,1,26.32600654,0.77677362,1,1,4.63797041,0.20774443,0.63274718,-0.12075731,4500.23542254,395.76604699,20.00000000,1.00000000,20.00000000,20.00000000,20.00000000,20.00000000,1,1,0.04922546,0.00006118,0,0.03767796,0.03073726,1.00000000,1.00000000,4500.22965952,0.00576302,0.04538788,0.00383758,395.65718088,0.10886611,28.00000000
pullin_28db_fp31p25_cp0p3,6.00000000,300,Strong,0,1,0,NWPR,200,0.00000000,1,25.73652126,1,26.41748875,0.79722315,1,1,-3.14054364,0.07530229,0.42659124,-0.12023895,4500.29302210,434.91596656,20.00000000,1.00000000,20.00000000,20.00000000,20.00000000,20.00000000,1,1,0.05204870,0.00005537,0,0.03308428,0.02311393,1.00000000,1.00000000,4500.27486850,0.01815360,0.04501860,0.00703010,434.78980953,0.12615703,28.00000000
pullin_28db_fp31p25_cp0p3,7.00000000,350,Strong,0,1,1,NWPR,200,26.89945480,1,26.29481800,1,26.46244751,0.77164701,1,1,9.07325485,0.04165816,0.37285647,-0.13433793,4500.30709857,474.05975200,20.00000000,1.00000000,20.00000000,20.00000000,20.00000000,20.00000000,1,1,0.04159486,0.00005011,0,0.03031295,0.01998251,1.00000000,1.00000000,4500.31967397,-0.01257541,0.04458108,-0.00298622,473.92282960,0.13692240,28.00000000
pullin_28db_fp31p25_cp0p3,8.00000000,400,Strong,0,1,1,NWPR,200,26.70502110,1,25.37765113,1,26.40942715,0.82119592,1,1,-0.76363574,-0.00740627,0.35413183,-0.13800717,4500.34177704,513.19565555,20.00000000,1.00000000,20.00000000,20.00000000,20.00000000,20.00000000,1,1,0.04008665,0.00004535,0,0.02958762,0.01836364,1.00000000,1.00000000,4500.36400832,-0.02223128,0.04407656,-0.00398991,513.05623728,0.13941828,28.00000000
pullin_28db_fp31p25_cp0p3,9.00000000,450,Strong,0,1,1,NWPR,200,26.47487872,1,29.26061652,1,26.52573801,0.82819971,1,1,-0.56949291,0.01398538,0.35802510,-0.11790085,4500.41883780,552.33934354,20.00000000,1.00000000,20.00000000,20.00000000,20.00000000,20.00000000,1,1,0.04781112,0.00004104,0,0.02943169,0.01730995,1.00000000,1.00000000,4500.40780525,0.01103255,0.04350650,0.00430462,552.19002818,0.14931536,28.00000000
pullin_28db_fp31p25_cp0p3,10.00000000,500,Strong,0,1,1,NWPR,200,26.49351332,1,27.38719112,1,26.65713017,0.83821524,1,1,-0.71919216,0.00256586,0.34815253,-0.11029918,4500.43484137,591.47812710,20.00000000,1.00000000,20.00000000,20.00000000,20.00000000,20.00000000,1,1,0.04155191,0.00003715,0,0.02906577,0.01651183,1.00000000,1.00000000,4500.45100000,-0.01615863,0.04287249,-0.00132058,591.32419736,0.15392974,28.00000000
pullin_28db_fp31p25_cp0p3,11.00000000,550,Strong,0,1,1,NWPR,200,26.64077700,1,27.14565320,1,26.73910324,0.81051642,1,1,-0.99545527,0.02377426,0.36505625,-0.11376381,4500.49799637,630.60623929,20.00000000,1.00000000,20.00000000,20.00000000,20.00000000,20.00000000,1,1,0.04503837,0.00003362,0,0.02869334,0.01587123,1.00000000,1.00000000,4500.49352952,0.00446686,0.04217634,0.00286203,630.45873930,0.14749999,28.00000000
pullin_28db_fp31p25_cp0p3,12.00000000,600,LongFast,0,1,1,NWPR,200,26.65343930,1,27.51701818,1,26.66524069,0.80537564,1,1,0.29338350,0.16715397,0.10663350,-0.07453099,4500.55139688,669.50083053,20.00000000,8.00000000,160.00000000,160.00000000,160.00000000,160.00000000,1,1,0.04646761,0.00003055,0,0.03655296,0.01587176,1.00000000,1.00000000,4500.53533263,0.01606426,0.04142002,0.00504759,669.59364794,-0.09281741,28.00000000
pullin_28db_fp31p25_cp0p3,13.00000000,650,LongFast,0,1,1,NWPR,200,26.65343930,1,27.51701818,1,26.66524069,0.82915428,1,1,-0.65497390,-0.07941369,0.16240798,0.00848373,4500.54830077,708.72492914,20.00000000,8.00000000,160.00000000,160.00000000,160.00000000,160.00000000,1,1,0.03856205,0.00002777,0,0.03754807,0.01546386,1.00000000,1.00000000,4500.57635020,-0.02804943,0.04060563,-0.00204358,708.72891672,-0.00398758,28.00000000
pullin_28db_fp31p25_cp0p3,14.00000000,700,LongFast,0,1,1,NWPR,200,26.65343930,1,27.51701818,1,26.66524069,0.83172142,1,1,1.25399041,0.14754246,0.14673281,0.00747868,4500.64992566,747.94189210,20.00000000,8.00000000,160.00000000,160.00000000,160.00000000,160.00000000,1,1,0.04784786,0.00002523,0,0.03905706,0.01513089,1.00000000,1.00000000,4500.61652530,0.03340036,0.03973549,0.00811238,747.86453855,0.07735355,28.00000000
pullin_28db_fp31p25_cp0p3,15.00000000,750,LongLock,0,1,1,NWPR,200,26.65343930,1,27.51701818,1,26.66524069,0.80485468,1,1,0.44030222,0.01863879,0.29464608,-0.03320400,4500.66750230,787.02339854,20.00000000,8.00000000,160.00000000,160.00000000,160.00000000,160.00000000,1,1,0.04367285,0.00002257,0,0.03682958,0.01458137,1.00000000,1.00000000,4500.65580339,0.01169890,0.03881201,0.00486083,787.00050586,0.02289268,28.00000000
pullin_28db_fp31p25_cp0p3,16.00000000,800,LongLock,0,1,1,NWPR,25,26.94827399,1,27.61414177,1,27.15561500,0.84899650,1,1,0.12142098,-0.13442817,0.15375242,-0.03362461,4500.68264211,826.10483676,20.00000000,8.00000000,160.00000000,160.00000000,160.00000000,160.00000000,1,1,0.03990169,0.00002051,0,0.03717329,0.01421952,1.00000000,1.00000000,4500.69413241,-0.01149031,0.03783780,0.00206389,826.13681064,-0.03197388,28.00000000
pullin_28db_fp31p25_cp0p3,17.00000000,850,LongLock,0,1,1,NWPR,25,27.10425387,1,26.83611181,1,26.81828444,0.84847174,1,1,0.11417820,-0.03856513,0.11078385,-0.01297855,4500.74896656,865.23132887,20.00000000,8.00000000,160.00000000,160.00000000,160.00000000,160.00000000,1,1,0.04339843,0.00001864,0,0.03782386,0.01389225,1.00000000,1.00000000,4500.73146298,0.01750358,0.03681557,0.00658286,865.27344440,-0.04211554,28.00000000
pullin_28db_fp31p25_cp0p3,18.00000000,900,Medium,0,1,1,NWPR,25,27.11822470,1,26.85365044,1,26.90545906,0.81459218,1,1,0.46288886,0.46288886,0.00000000,0.03058324,4500.82273237,904.37535766,20.00000000,16.00000000,320.00000000,320.00000000,320.00000000,320.00000000,1,1,0.04742910,0.00001695,0,0.03976539,0.01364373,1.00000000,1.00000000,4500.76774850,0.05498388,0.03574818,0.01168091,904.41039827,-0.03504061,28.00000000
pullin_28db_fp31p25_cp0p3,19.00000000,950,Medium,0,1,1,NWPR,25,27.11822470,1,26.85365044,1,26.90545906,0.80692200,1,1,-0.28742902,0.29576188,0.21579181,0.03926938,4500.81859545,943.51092569,20.00000000,16.00000000,320.00000000,320.00000000,320.00000000,320.00000000,1,1,0.04088912,0.00001540,0,0.04082046,0.01336088,1.00000000,1.00000000,4500.80294528,0.01565016,0.03463862,0.00625051,943.54766296,-0.03673726,28.00000000
pullin_28db_fp31p25_cp0p3,20.00000000,1000,Medium,0,1,1,NWPR,25,27.11822470,1,26.85365044,1,26.90545906,0.77328093,1,1,0.04956521,0.13876080,0.13905425,0.03774196,4500.80737241,982.64719926,20.00000000,16.00000000,320.00000000,320.00000000,320.00000000,320.00000000,1,1,0.03484256,0.00001400,0,0.04170672,0.01308769,1.00000000,1.00000000,4500.83701270,-0.02964030,0.03348997,0.00135259,982.68522883,-0.03802957,28.00000000
pullin_28db_fp31p25_cp0p3,21.00000000,1050,Medium,0,1,1,NWPR,25,27.11822470,1,26.85365044,1,26.90545906,0.82223207,1,1,-0.46703335,0.10498909,0.12323452,0.03608902,4500.83730796,1021.78299044,20.00000000,16.00000000,320.00000000,320.00000000,320.00000000,320.00000000,1,1,0.03409743,0.00001273,0,0.04255103,0.01281654,1.00000000,1.00000000,4500.86991326,-0.03260530,0.03230544,0.00179199,1021.82308588,-0.04009544,28.00000000
pullin_28db_fp31p25_cp0p3,22.00000000,1100,Medium,0,1,1,NWPR,13,27.14124552,1,27.69885401,1,27.21877495,0.86380825,1,1,-0.25480262,0.06452523,0.09804848,0.03587454,4500.89219258,1060.92171509,20.00000000,16.00000000,320.00000000,320.00000000,320.00000000,320.00000000,1,1,0.03635204,0.00001157,0,0.04314730,0.01253980,1.00000000,1.00000000,4500.90161273,-0.00942014,0.03108834,0.00526370,1060.96122384,-0.03950874,28.00000000
pullin_28db_fp31p25_cp0p3,23.00000000,1150,Medium,0,1,1,NWPR,13,27.32418895,1,27.97011504,1,27.50555823,0.83667361,1,1,0.57407825,0.10376076,0.08065977,0.03080893,4500.97967586,1100.05758427,20.00000000,16.00000000,320.00000000,320.00000000,320.00000000,320.00000000,1,1,0.04181708,0.00001020,0,0.03768493,0.01201975,1.00000000,1.00000000,4500.93208021,0.04759565,0.02984205,0.01197503,1100.09963210,-0.04204783,28.00000000
pullin_28db_fp31p25_cp0p3,24.00000000,1200,Medium,0,1,1,NWPR,13,27.47031292,1,27.77053512,1,27.65092256,0.81586714,1,1,0.43670942,0.12142090,0.07092230,0.02920510,4500.99907704,1139.19136586,20.00000000,16.00000000,320.00000000,320.00000000,320.00000000,320.00000000,1,1,0.03952347,0.00000927,0,0.03807461,0.01176060,1.00000000,1.00000000,4500.96128826,0.03778878,0.02857005,0.01095343,1139.23829984,-0.04693398,28.00000000
pullin_28db_fp31p25_cp0p3,25.00000000,1250,Medium,0,1,1,NWPR,13,27.65543577,1,27.53824464,1,27.63667397,0.82058066,1,1,-0.21417182,0.07154511,0.06737849,0.03337217,4500.96121735,1178.33995645,20.00000000,16.00000000,320.00000000,320.00000000,320.00000000,320.00000000,1,1,0.03170650,0.00007662,0,0.03848797,0.01354361,1.00000000,1.00000000,4500.98921291,-0.02799556,0.02727587,0.00443063,1178.37721600,-0.03725955,28.00000000
pullin_28db_fp31p25_cp0p3,26.00000000,1300,Medium,0,1,1,NWPR,13,27.77826880,1,27.82682623,1,27.73998936,0.81410424,1,1,-0.34894333,0.06850952,0.08172257,0.03280631,4500.98917965,1217.48370184,20.00000000,16.00000000,320.00000000,320.00000000,320.00000000,320.00000000,1,1,0.03054776,0.00006962,0,0.03971283,0.01546712,1.00000000,1.00000000,4501.01583380,-0.02665415,0.02596312,0.00458465,1217.51636933,-0.03266749,28.00000000
pullin_28db_fp31p25_cp0p3,27.00000000,1350,Medium,0,1,1,NWPR,13,27.73162926,1,26.97688102,1,27.05731209,0.79209709,1,1,-0.49331041,0.03009256,0.07722253,0.03157434,4501.01204143,1256.62664408,20.00000000,16.00000000,320.00000000,320.00000000,320.00000000,320.00000000,1,1,0.02949617,0.00006326,0,0.04155561,0.01671104,1.00000000,1.00000000,4501.04113417,-0.02909274,0.02463544,0.00486072,1256.65574841,-0.02910434,28.00000000
pullin_28db_fp31p25_cp0p3,28.00000000,1400,Medium,0,1,1,NWPR,13,27.64882441,1,27.27851111,1,27.21291681,0.81412644,1,1,-0.35105569,0.03329595,0.07178910,0.02962063,4501.08860761,1295.76328592,20.00000000,16.00000000,320.00000000,320.00000000,320.00000000,320.00000000,1,1,0.03558994,0.00005748,0,0.04307781,0.01735519,1.00000000,1.00000000,4501.06510095,0.02350666,0.02329655,0.01229339,1295.79534171,-0.03205579,28.00000000
pullin_28db_fp31p25_cp0p3,29.00000000,1450,Medium,0,1,1,NWPR,13,27.53909828,1,27.54757735,1,27.09519433,0.85993013,1,1,-0.03254477,0.03501208,0.06575456,0.02794378,4501.12675265,1334.90679008,20.00000000,16.00000000,320.00000000,320.00000000,320.00000000,320.00000000,1,1,0.03574392,0.00005222,0,0.04436572,0.01758376,1.00000000,1.00000000,4501.08772477,0.03902789,0.02195015,0.01379376,1334.93513758,-0.02834750,28.00000000
pullin_28db_fp31p25_cp0p3,30.00000000,1500,Medium,0,1,1,NWPR,13,27.49596292,1,27.76282190,1,27.44323020,0.81905839,1,1,-0.26104470,0.00670323,0.06435891,0.02614641,4501.09752603,1374.04392994,20.00000000,16.00000000,320.00000000,320.00000000,320.00000000,320.00000000,1,1,0.02552291,0.00008719,0,0.04524049,0.01820840,1.00000000,1.00000000,4501.10900000,-0.01147397,0.02060000,0.00492291,1374.07512432,-0.03119438,28.00000000
pullin_28db_fp31p25_cp0p3,31.00000000,1550,Medium,0,1,1,NWPR,13,27.44487614,1,26.91375517,1,27.16724995,0.81807519,1,1,-0.42464065,-0.01300021,0.05978989,0.02384159,4501.11409192,1413.17700107,20.00000000,16.00000000,320.00000000,320.00000000,320.00000000,320.00000000,1,1,0.02370423,0.00007673,0,0.04013166,0.01848523,1.00000000,1.00000000,4501.12892477,-0.01483285,0.01924985,0.00445438,1413.21529019,-0.03828912,28.00000000
pullin_28db_fp31p25_cp0p3,32.00000000,1600,Medium,0,1,1,NWPR,13,27.36422804,1,27.31850942,1,27.19976783,0.85827534,1,1,0.08245577,-0.01857960,0.05638552,0.02609397,4501.15777545,1452.33411915,20.00000000,16.00000000,320.00000000,320.00000000,320.00000000,320.00000000,1,1,0.02732123,0.00006971,0,0.04168302,0.01885590,1.00000000,1.00000000,4501.14750095,0.01027450,0.01790345,0.00941777,1452.35562345,-0.02150430,28.00000000
pullin_28db_fp31p25_cp0p3,33.00000000,1650,Medium,0,1,1,NWPR,13,27.35784411,1,27.40397461,1,27.39638902,0.83760470,1,1,0.00119546,-0.02643136,0.05382521,0.02570211,4501.17630719,1491.48061209,20.00000000,16.00000000,320.00000000,320.00000000,320.00000000,320.00000000,1,1,0.02558480,0.00006334,0,0.04224975,0.01884836,1.00000000,1.00000000,4501.16473417,0.01157302,0.01656456,0.00902024,1491.49611240,-0.01550031,28.00000000
pullin_28db_fp31p25_cp0p3,34.00000000,1700,Medium,0,1,1,NWPR,13,27.39930908,1,27.58155385,1,27.39886450,0.84702788,1,1,0.00807481,-0.02759786,0.05090201,0.02286430,4501.20560521,1530.62201272,20.00000000,16.00000000,320.00000000,320.00000000,320.00000000,320.00000000,1,1,0.02625116,0.00005755,0,0.04299067,0.01865067,1.00000000,1.00000000,4501.18063380,0.02497141,0.01523688,0.01101428,1530.63674539,-0.01473268,28.00000000
pullin_28db_fp31p25_cp0p3,35.00000000,1750,Medium,0,1,1,NWPR,13,27.47132175,1,26.95395170,1,27.55536866,0.84136618,1,1,-0.51487361,-0.03972290,0.04902820,0.02239982,4501.18701834,1569.76056095,20.00000000,16.00000000,320.00000000,320.00000000,320.00000000,320.00000000,1,1,0.01810781,0.00005229,0,0.04351996,0.01833105,1.00000000,1.00000000,4501.19521291,-0.00819457,0.01392413,0.00418367,1569.77751090,-0.01694995,28.00000000
pullin_28db_fp31p25_cp0p3,36.00000000,1800,Medium,0,1,1,NWPR,13,27.59875424,1,28.21741785,1,27.65526682,0.83018585,1,1,-0.77587962,-0.04705740,0.04989248,0.02123139,4501.19635418,1608.90575758,20.00000000,16.00000000,320.00000000,320.00000000,320.00000000,320.00000000,1,1,0.01627950,0.00004752,0,0.04394109,0.01795601,1.00000000,1.00000000,4501.20848826,-0.01213408,0.01262995,0.00364955,1608.91839749,-0.01263991,28.00000000
pullin_28db_fp31p25_cp0p3,37.00000000,1850,Medium,0,1,1,NWPR,13,27.68866039,1,27.76852842,1,27.45286442,0.85362116,1,1,-0.42138786,-0.04824788,0.04817989,0.02136221,4501.22720792,1648.05207555,20.00000000,16.00000000,320.00000000,320.00000000,320.00000000,320.00000000,1,1,0.01843310,0.00004318,0,0.04434173,0.01755945,1.00000000,1.00000000,4501.22048021,0.00672771,0.01135795,0.00707516,1648.05939393,-0.00731838,28.00000000
pullin_28db_fp31p25_cp0p3,38.00000000,1900,Medium,0,1,1,NWPR,13,27.65215527,1,27.06073179,1,27.24999437,0.85267120,1,1,0.30561427,-0.05038631,0.04698711,0.02119446,4501.27447845,1687.20050848,20.00000000,16.00000000,320.00000000,320.00000000,320.00000000,320.00000000,1,1,0.02352177,0.00003923,0,0.04503504,0.01717734,1.00000000,1.00000000,4501.23121273,0.04326572,0.01011166,0.01341011,1687.20048915,0.00001933,28.00000000
pullin_28db_fp31p25_cp0p3,39.00000000,1950,Medium,0,1,1,NWPR,13,27.52423791,1,27.80710214,1,27.37937869,0.81487172,1,1,-0.04321826,-0.05050613,0.04456127,0.02107532,4501.24590027,1726.34693619,20.00000000,16.00000000,320.00000000,320.00000000,320.00000000,320.00000000,1,1,0.01503117,0.00003453,0,0.03944721,0.01632223,1.00000000,1.00000000,4501.24071326,0.00518700,0.00889456,0.00613661,1726.34167232,0.00526387,28.00000000
pullin_28db_fp31p25_cp0p3,40.00000000,2000,Medium,0,1,1,NWPR,13,27.49352050,1,25.79403544,1,26.97571839,0.82039117,1,1,-0.08757751,-0.05098387,0.04274863,0.02088097,4501.25686761,1765.49465670,20.00000000,16.00000000,320.00000000,320.00000000,320.00000000,320.00000000,1,1,0.01442985,0.00003138,0,0.03996720,0.01595704,1.00000000,1.00000000,4501.24901270,0.00785490,0.00771003,0.00671982,1765.48293285,0.01172384,28.00000000
pullin_28db_fp31p25_cp0p3,41.00000000,2050,Medium,0,1,1,NWPR,13,27.41496618,1,27.44886871,1,27.37120874,0.83805227,1,1,0.26750761,-0.04534962,0.04159069,0.01843172,4501.27783634,1804.63292833,20.00000000,16.00000000,320.00000000,320.00000000,320.00000000,320.00000000,1,1,0.01545264,0.00002852,0,0.04083468,0.01561337,1.00000000,1.00000000,4501.25614528,0.02169105,0.00656138,0.00889126,1804.62426046,0.00866787,28.00000000
pullin_28db_fp31p25_cp0p3,42.00000000,2100,Medium,0,1,1,NWPR,13,27.42743038,1,28.72580205,1,27.59339096,0.86233367,1,1,0.00970580,-0.05528325,0.04070764,0.01810712,4501.25779927,1843.78097340,20.00000000,16.00000000,320.00000000,320.00000000,320.00000000,320.00000000,1,1,0.01044849,0.00002591,0,0.04113477,0.01524324,1.00000000,1.00000000,4501.26214850,-0.00434922,0.00545182,0.00499667,1843.76564515,0.01532825,28.00000000
pullin_28db_fp31p25_cp0p3,43.00000000,2150,Medium,0,1,1,NWPR,13,27.55286599,1,27.50101571,1,27.58852100,0.86502383,1,1,0.01211044,-0.05368676,0.03918269,0.01707931,4501.27923532,1882.92068653,20.00000000,16.00000000,320.00000000,320.00000000,320.00000000,320.00000000,1,1,0.01197329,0.00002355,0,0.04152455,0.01488822,1.00000000,1.00000000,4501.26706298,0.01217234,0.00438443,0.00758886,1882.90707728,0.01360925,28.00000000
pullin_28db_fp31p25_cp0p3,44.00000000,2200,Medium,0,1,1,NWPR,13,27.55815632,1,27.98932701,1,27.68670446,0.85078523,1,1,-0.31930033,-0.04333331,0.03948442,0.01617325,4501.29393531,1922.06243012,20.00000000,16.00000000,320.00000000,320.00000000,320.00000000,320.00000000,1,1,0.01189716,0.00007933,0,0.04242524,0.01619614,1.00000000,1.00000000,4501.27093241,0.02300290,0.00336220,0.00853495,1922.04854756,0.01388256,28.00000000
pullin_28db_fp31p25_cp0p3,45.00000000,2250,Medium,0,1,1,NWPR,13,27.60877209,1,27.51363954,1,27.63119742,0.78235025,1,1,0.15396794,-0.03795978,0.03837783,0.01470934,4501.28955759,1961.19914978,20.00000000,16.00000000,320.00000000,320.00000000,320.00000000,320.00000000,1,1,0.00965684,0.00007208,0,0.04358052,0.01740294,1.00000000,1.00000000,4501.27380339,0.01575420,0.00238799,0.00726886,1961.19004712,0.00910265,28.00000000
pullin_28db_fp31p25_cp0p3,46.00000000,2300,Medium,0,1,1,NWPR,13,27.64990025,1,27.55590444,1,27.62531881,0.82361694,1,1,0.09618284,-0.03783935,0.03732294,0.01549420,4501.27242361,2000.35073919,20.00000000,16.00000000,320.00000000,320.00000000,320.00000000,320.00000000,1,1,0.00603511,0.00006549,0,0.04486808,0.01810584,1.00000000,1.00000000,4501.27572530,-0.00330170,0.00146451,0.00457060,2000.33156748,0.01917171,28.00000000
pullin_28db_fp31p25_cp0p3,47.00000000,2350,Medium,0,1,1,NWPR,13,27.56777556,1,26.91127936,1,27.22725881,0.84414700,1,1,-0.14033906,-0.03913429,0.03592635,0.01460253,4501.27584803,2039.49419973,20.00000000,16.00000000,320.00000000,320.00000000,320.00000000,320.00000000,1,1,0.00563359,0.00005763,0,0.04006818,0.01789340,1.00000000,1.00000000,4501.27675020,-0.00090217,0.00059437,0.00503922,2039.47310061,0.02109912,28.00000000
pullin_28db_fp31p25_cp0p3,48.00000000,2400,Medium,0,1,1,NWPR,13,27.52811973,1,27.53988118,1,27.42728989,0.85071856,1,1,0.02964464,-0.04152092,0.03487691,0.01311648,4501.27507250,2078.63284809,20.00000000,16.00000000,320.00000000,320.00000000,320.00000000,320.00000000,1,1,0.00471901,0.00005237,0,0.04074136,0.01781519,1.00000000,1.00000000,4501.27693263,-0.00186013,-0.00022002,0.00493903,2078.61463895,0.01820913,28.00000000
pullin_28db_fp31p25_cp0p3,49.00000000,2450,Medium,0,1,1,NWPR,13,27.46105309,1,26.38515118,1,26.99887504,0.83173841,1,1,0.24845508,-0.02544998,0.03527306,0.01198079,4501.32795651,2117.76442254,20.00000000,16.00000000,320.00000000,320.00000000,320.00000000,320.00000000,1,1,0.01255321,0.00004758,0,0.04184464,0.01763155,1.00000000,1.00000000,4501.27632952,0.05162699,-0.00097634,0.01352955,2117.75617543,0.00824712,28.00000000
pullin_28db_fp31p25_cp0p3,50.00000000,2500,Medium,0,1,1,NWPR,13,27.32970665,1,27.46687876,1,27.23528209,0.84317933,1,1,-0.13015016,-0.02999969,0.03441401,0.01074988,4501.25911763,2156.90044862,20.00000000,16.00000000,320.00000000,320.00000000,320.00000000,320.00000000,1,1,-0.00104651,0.00004324,0,0.04284343,0.01735734,1.00000000,1.00000000,4501.27500000,-0.01588237,-0.00167249,0.00062598,2156.89770345,0.00274517,28.00000000
pullin_28db_fp31p25_cp0p3,51.00000000,2550,Medium,0,1,1,NWPR,13,27.23045584,1,27.30087666,1,27.02103272,0.84577567,1,1,0.26195344,-0.02822113,0.03354540,0.00959115,4501.27632379,2196.03204815,20.00000000,16.00000000,320.00000000,320.00000000,320.00000000,320.00000000,1,1,0.00212540,0.00003929,0,0.04323234,0.01700785,1.00000000,1.00000000,4501.27300525,0.00331854,-0.00230650,0.00443190,2196.03921698,-0.00716882,28.00000000
pullin_28db_fp31p25_cp0p3,52.00000000,2600,Medium,0,1,1,NWPR,13,27.21007013,1,27.73705507,1,27.22413886,0.84357251,1,1,0.02155768,-0.02388822,0.03271666,0.00974944,4501.28366024,2235.17365345,20.00000000,16.00000000,320.00000000,320.00000000,320.00000000,320.00000000,1,1,0.00286174,0.00003570,0,0.04376826,0.01664883,1.00000000,1.00000000,4501.27040832,0.01325192,-0.00287656,0.00573831,2235.18071049,-0.00705704,28.00000000
pullin_28db_fp31p25_cp0p3,53.00000000,2650,Medium,0,1,1,NWPR,13,27.17816204,1,26.99298454,1,27.16360574,0.81175442,1,1,0.08086936,-0.01878237,0.03245597,0.00982681,4501.28769052,2274.31869459,20.00000000,16.00000000,320.00000000,320.00000000,320.00000000,320.00000000,1,1,0.00289493,0.00003244,0,0.04438105,0.01628946,1.00000000,1.00000000,4501.26727397,0.02041654,-0.00338108,0.00627600,2274.32217904,-0.00348445,28.00000000
pullin_28db_fp31p25_cp0p3,54.00000000,2700,Medium,0,1,1,NWPR,13,27.25112815,1,27.58639148,1,27.30225933,0.83885680,1,1,-0.42530185,-0.01637044,0.03216004,0.00949427,4501.24647088,2313.45837532,20.00000000,16.00000000,320.00000000,320.00000000,320.00000000,320.00000000,1,1,-0.00396172,0.00008596,0,0.04473915,0.01640133,1.00000000,1.00000000,4501.26366850,-0.01719762,-0.00381860,-0.00014312,2313.46361824,-0.00524291,28.00000000
pullin_28db_fp31p25_cp0p3,55.00000000,2750,Medium,0,1,1,NWPR,13,27.32521290,1,27.62807866,1,27.42900054,0.83939028,1,1,-0.64394546,-0.01851738,0.03165976,0.01002777,4501.22411077,2352.60120209,20.00000000,16.00000000,320.00000000,320.00000000,320.00000000,320.00000000,1,1,-0.00718422,0.00007564,0,0.03928352,0.01719523,1.00000000,1.00000000,4501.25965952,-0.03554875,-0.00418788,-0.00299635,2352.60502428,-0.00382219,28.00000000
pullin_28db_fp31p25_cp0p3,56.00000000,2800,Medium,0,1,1,NWPR,13,27.38600509,1,27.17690044,1,27.24319071,0.82829464,1,1,-0.66133041,-0.02575123,0.03136411,0.01010697,4501.20421249,2391.75427207,20.00000000,16.00000000,320.00000000,320.00000000,320.00000000,320.00000000,1,1,-0.00952523,0.00006873,0,0.04048426,0.01795673,1.00000000,1.00000000,4501.25531585,-0.05110336,-0.00448784,-0.00503739,2391.74639395,0.00787811,28.00000000
pullin_28db_fp31p25_cp0p3,57.00000000,2850,Medium,0,1,1,NWPR,13,27.42008537,1,27.32201021,1,27.45174382,0.85062396,1,1,-0.07462582,-0.02354064,0.03065464,0.00954651,4501.26682514,2430.89034413,20.00000000,16.00000000,320.00000000,320.00000000,320.00000000,320.00000000,1,1,0.00224285,0.00006244,0,0.04170530,0.01828325,1.00000000,1.00000000,4501.25070723,0.01611791,-0.00471762,0.00696047,2430.88772466,0.00261948,28.00000000
pullin_28db_fp31p25_cp0p3,58.00000000,2900,Medium,0,1,1,NWPR,13,27.46178605,1,27.43118497,1,27.46843315,0.81809032,1,1,0.51682828,-0.01817730,0.03024412,0.00853991,4501.30176163,2470.02599197,20.00000000,16.00000000,320.00000000,320.00000000,320.00000000,320.00000000,1,1,0.00809937,0.00005674,0,0.04254581,0.01827623,1.00000000,1.00000000,4501.24590423,0.05585739,-0.00487652,0.01297589,2470.02901439,-0.00302241,28.00000000
pullin_28db_fp31p25_cp0p3,59.00000000,2950,Medium,0,1,1,NWPR,13,27.50885529,1,28.07395544,1,27.53973993,0.80772867,1,1,0.27309245,-0.01908651,0.02963282,0.00826155,4501.26442489,2509.16483459,20.00000000,16.00000000,320.00000000,320.00000000,320.00000000,320.00000000,1,1,0.00046455,0.00005155,0,0.04325377,0.01807815,1.00000000,1.00000000,4501.24097798,0.02344691,-0.00496406,0.00542861,2509.17026176,-0.00542717,28.00000000
pullin_28db_fp31p25_cp0p3,60.00000000,3000,Medium,0,1,1,NWPR,13,27.59009358,1,28.23669512,1,27.70759371,0.85447152,1,1,0.26470673,-0.02186962,0.02901835,0.00685837,4501.25521061,2548.30050210,20.00000000,16.00000000,320.00000000,320.00000000,320.00000000,320.00000000,1,1,-0.00090003,0.00004684,0,0.04379072,0.01777466,1.00000000,1.00000000,4501.23600000,0.01921061,-0.00497994,0.00407991,2548.31146603,-0.01096393,28.00000000
pullin_28db_fp31p25_cp0p3,61.00000000,3050,Medium,0,1,1,NWPR,13,27.66450765,1,27.99402089,1,27.75841723,0.84671617,1,1,0.48705155,-0.01931182,0.02935557,0.00694926,4501.24829494,2587.44956371,20.00000000,16.00000000,320.00000000,320.00000000,320.00000000,320.00000000,1,1,-0.00133206,0.00004256,0,0.04426487,0.01742149,1.00000000,1.00000000,4501.23104202,0.01725292,-0.00492406,0.00359200,2587.45262704,-0.00306333,28.00000000
pullin_28db_fp31p25_cp0p3,62.00000000,3100,Medium,0,1,1,NWPR,13,27.75863903,1,27.18903734,1,27.79042372,0.85122601,1,1,0.42443202,-0.01887867,0.02911311,0.00644487,4501.22316628,2626.59362138,20.00000000,16.00000000,320.00000000,320.00000000,320.00000000,320.00000000,1,1,-0.00486452,0.00003868,0,0.04465161,0.01704148,1.00000000,1.00000000,4501.22617577,-0.00300949,-0.00479652,-0.00006800,2626.59374529,-0.00012391,28.00000000
pullin_28db_fp31p25_cp0p3,63.00000000,3150,Medium,0,1,1,NWPR,13,27.80009320,1,27.16019256,1,27.55627096,0.83640802,1,1,-0.13161341,-0.02779793,0.02950326,0.00591808,4501.18865249,2665.73562935,20.00000000,16.00000000,320.00000000,320.00000000,320.00000000,320.00000000,1,1,-0.00907984,0.00003404,0,0.03900124,0.01620581,1.00000000,1.00000000,4501.22147277,-0.03282027,-0.00459762,-0.00448222,2665.73482187,0.00080747,28.00000000
pullin_28db_fp31p25_cp0p3,64.00000000,3200,Medium,0,1,1,NWPR,13,27.75921617,1,28.91903223,1,27.82306014,0.80074219,1,1,0.14502450,-0.03575404,0.02992175,0.00499475,4501.24247770,2704.87641248,20.00000000,16.00000000,320.00000000,320.00000000,320.00000000,320.00000000,1,1,0.00106434,0.00008626,0,0.03947972,0.01591235,1.00000000,1.00000000,4501.21700415,0.02547355,-0.00432784,0.00539218,2704.87585853,0.00055395,28.00000000
pullin_28db_fp31p25_cp0p3,65.00000000,3250,Medium,0,1,1,NWPR,13,27.88416426,1,28.35364933,1,28.00873402,0.84513908,1,1,0.53361226,-0.03741218,0.03006952,0.00428031,4501.26689888,2744.01459493,20.00000000,16.00000000,320.00000000,320.00000000,320.00000000,320.00000000,1,1,0.00485208,0.00007837,0,0.04005540,0.01715025,1.00000000,1.00000000,4501.21284048,0.05405840,-0.00398788,0.00883995,2744.01685761,-0.00226268,28.00000000
pullin_28db_fp31p25_cp0p3,66.00000000,3300,Medium,0,1,1,NWPR,13,27.90598471,1,27.42978901,1,27.60640895,0.82860522,1,1,-0.04239861,-0.03559456,0.03000717,0.00332708,4501.20642779,2783.15751487,20.00000000,16.00000000,320.00000000,320.00000000,320.00000000,320.00000000,1,1,-0.00523976,0.00007121,0,0.04128070,0.01799372,1.00000000,1.00000000,4501.20905150,-0.00262371,-0.00357860,-0.00166116,2783.15782206,-0.00030719,28.00000000
pullin_28db_fp31p25_cp0p3,67.00000000,3350,Medium,0,1,1,NWPR,13,27.86433350,1,27.79845046,1,27.39676751,0.84824909,1,1,-0.40992851,-0.04002791,0.02798993,0.00228197,4501.17337620,2822.29711337,20.00000000,16.00000000,320.00000000,320.00000000,320.00000000,320.00000000,1,1,-0.01008363,0.00006470,0,0.04322001,0.01844202,1.00000000,1.00000000,4501.20570603,-0.03232982,-0.00310108,-0.00698255,2822.29875545,-0.00164207,28.00000000
pullin_28db_fp31p25_cp0p3,68.00000000,3400,Medium,0,1,1,NWPR,13,27.88008788,1,27.64733473,1,27.62388661,0.87331180,1,1,-0.09516901,-0.03015004,0.02776453,0.00227905,4501.19132066,2861.44067897,20.00000000,16.00000000,320.00000000,320.00000000,320.00000000,320.00000000,1,1,-0.00594743,0.00005879,0,0.04374633,0.01846436,1.00000000,1.00000000,4501.20287168,-0.01155101,-0.00255656,-0.00339086,2861.43966191,0.00101706,28.00000000
pullin_28db_fp31p25_cp0p3,69.00000000,3450,Medium,0,1,1,NWPR,13,27.75611364,1,27.53211411,1,27.57071762,0.84480821,1,1,1.15312590,-0.02920289,0.02930881,0.00214392,4501.25183226,2900.58367102,20.00000000,16.00000000,320.00000000,320.00000000,320.00000000,320.00000000,1,1,0.00650840,0.00005341,0,0.04466193,0.01830958,1.00000000,1.00000000,4501.20061475,0.05121751,-0.00194650,0.00845490,2900.58054619,0.00312482,28.00000000
pullin_28db_fp31p25_cp0p3,70.00000000,3500,Medium,0,1,1,NWPR,13,27.66520337,1,27.71578438,1,27.63623317,0.85316654,1,1,0.13112235,-0.03026485,0.02929707,0.00182841,4501.21753010,2939.72527782,20.00000000,16.00000000,320.00000000,320.00000000,320.00000000,320.00000000,1,1,-0.00031121,0.00004853,0,0.04539209,0.01802583,1.00000000,1.00000000,4501.19900000,0.01853010,-0.00127249,0.00096128,2939.72141359,0.00386423,28.00000000
pullin_28db_fp31p25_cp0p3,71.00000000,3550,Medium,0,1,1,NWPR,13,27.63108627,1,27.13632027,1,27.24354294,0.82423166,1,1,0.47527078,-0.02529506,0.02965676,0.00178679,4501.19644362,2978.86874794,20.00000000,16.00000000,320.00000000,320.00000000,320.00000000,320.00000000,1,1,-0.00317540,0.00008620,0,0.03980049,0.01759024,1.00000000,1.00000000,4501.19809048,-0.00164687,-0.00053634,-0.00263906,2978.86226998,0.00647797,28.00000000
pullin_28db_fp31p25_cp0p3,72.00000000,3600,Medium,0,1,1,NWPR,13,27.54605994,1,27.55675833,1,27.27817071,0.84033483,1,1,-0.56257437,-0.02098244,0.02987567,0.00142783,4501.16493935,3018.00708767,20.00000000,16.00000000,320.00000000,320.00000000,320.00000000,320.00000000,1,1,-0.00852353,0.00007832,0,0.04086824,0.01837774,1.00000000,1.00000000,4501.19794737,-0.03300803,0.00025998,-0.00878352,3018.00312174,0.00396593,28.00000000
pullin_28db_fp31p25_cp0p3,73.00000000,3650,Medium,0,1,1,NWPR,13,27.43520831,1,27.37451206,1,27.21037267,0.82710780,1,1,0.28593935,-0.01324959,0.03022690,0.00130321,4501.21885061,3057.15880659,20.00000000,16.00000000,320.00000000,320.00000000,320.00000000,320.00000000,1,1,0.00252106,0.00007116,0,0.04197229,0.01881247,1.00000000,1.00000000,4501.19862980,0.02022080,0.00111437,0.00140669,3057.14397580,0.01483079,28.00000000
pullin_28db_fp31p25_cp0p3,74.00000000,3700,Medium,0,1,1,NWPR,13,27.34735284,1,27.91131715,1,27.27992391,0.81073301,1,1,-0.42632444,-0.00783312,0.03093943,0.00030001,4501.18386595,3096.29976518,20.00000000,16.00000000,320.00000000,320.00000000,320.00000000,320.00000000,1,1,-0.00512120,0.00008835,0,0.04312943,0.01939853,1.00000000,1.00000000,4501.20019470,-0.01632875,0.00202451,-0.00714572,3096.28483960,0.01492559,28.00000000
pullin_28db_fp31p25_cp0p3,75.00000000,3750,Medium,0,1,1,NWPR,13,27.44205004,1,28.28196002,1,27.60851033,0.85742199,1,1,-0.63669632,-0.01189800,0.03128184,0.00088188,4501.13815319,3135.44193292,20.00000000,16.00000000,320.00000000,320.00000000,320.00000000,320.00000000,1,1,-0.01292733,0.00008027,0,0.04407432,0.01975575,1.00000000,1.00000000,4501.20269661,-0.06454342,0.00298799,-0.01591531,3135.42572103,0.01621188,28.00000000
pullin_28db_fp31p25_cp0p3,76.00000000,3800,Medium,0,1,1,NWPR,13,27.54201295,1,26.89055637,1,27.21748641,0.82995371,1,1,0.51301189,-0.00265966,0.03124642,0.00042209,4501.21172662,3174.58034110,20.00000000,16.00000000,320.00000000,320.00000000,320.00000000,320.00000000,1,1,0.00322766,0.00009501,0,0.04490430,0.01989703,1.00000000,1.00000000,4501.20618759,0.00553903,0.00400220,-0.00077455,3174.56662849,0.01371261,28.00000000
pullin_28db_fp31p25_cp0p3,77.00000000,3850,Medium,0,1,1,NWPR,13,27.54547641,1,27.32920084,1,27.22981751,0.80947335,1,1,-0.46686897,-0.00540092,0.03094511,0.00022626,4501.19627850,3213.72024581,20.00000000,16.00000000,320.00000000,320.00000000,320.00000000,320.00000000,1,1,-0.00013739,0.00008632,0,0.04673774,0.02029649,1.00000000,1.00000000,4501.21071702,-0.01443852,0.00506443,-0.00520182,3213.70757079,0.01267502,28.00000000
pullin_28db_fp31p25_cp0p3,78.00000000,3900,Medium,0,1,1,NWPR,13,27.56262680,1,27.22920317,1,27.53144016,0.83143204,1,1,-0.99861732,-0.00427826,0.03212593,-0.00043614,4501.18812554,3252.86126688,20.00000000,16.00000000,320.00000000,320.00000000,320.00000000,320.00000000,1,1,-0.00293195,0.00009365,0,0.04701166,0.02052989,1.00000000,1.00000000,4501.21633150,-0.02820596,0.00617182,-0.00910377,3252.84855715,0.01270973,28.00000000
pullin_28db_fp31p25_cp0p3,79.00000000,3950,Medium,0,1,1,NWPR,13,27.46427646,1,27.20853265,1,27.26511577,0.82557618,1,1,-0.23153203,-0.00140078,0.03249289,-0.00175656,4501.20845859,3292.00347247,20.00000000,16.00000000,320.00000000,320.00000000,320.00000000,320.00000000,1,1,0.00009282,0.00008241,0,0.04113443,0.02002959,1.00000000,1.00000000,4501.22307472,-0.01461613,0.00732138,-0.00722857,3291.98959721,0.01387525,28.00000000
pullin_28db_fp31p25_cp0p3,80.00000000,4000,Medium,0,1,1,NWPR,13,27.36774143,1,28.11086960,1,27.40834924,0.85584647,1,1,0.22436010,0.01069168,0.03278103,-0.00218662,4501.26459623,3331.13846530,20.00000000,16.00000000,320.00000000,320.00000000,320.00000000,320.00000000,1,1,0.01067779,0.00007487,0,0.04201895,0.01992095,1.00000000,1.00000000,4501.23098730,0.03360894,0.00851003,0.00216776,3331.13070097,0.00776433,28.00000000
pullin_28db_fp31p25_cp0p3,81.00000000,4050,Medium,0,1,1,NWPR,13,27.44507752,1,27.61912759,1,27.54192710,0.84235182,1,1,-0.33555416,0.00912250,0.03286306,-0.00271948,4501.20151440,3370.27470423,20.00000000,16.00000000,320.00000000,320.00000000,320.00000000,320.00000000,1,1,-0.00357199,0.00006803,0,0.04257448,0.01963349,1.00000000,1.00000000,4501.24010674,-0.03859234,0.00973456,-0.01330654,3370.27187875,0.00282548,28.00000000
pullin_28db_fp31p25_cp0p3,82.00000000,4100,Medium,0,1,1,NWPR,13,27.55716530,1,29.00105969,1,27.79102474,0.86901624,1,1,0.09654220,0.00887839,0.03278339,-0.00134600,4501.24261035,3409.42085967,20.00000000,16.00000000,320.00000000,320.00000000,320.00000000,320.00000000,1,1,0.00454545,0.00006181,0,0.04313625,0.01925935,1.00000000,1.00000000,4501.25046727,-0.00785692,0.01099166,-0.00644621,3409.41314121,0.00771846,28.00000000
pullin_28db_fp31p25_cp0p3,83.00000000,4150,Medium,0,1,1,NWPR,13,27.67080455,1,27.68306186,1,27.76246250,0.86064780,1,1,-0.69558128,0.01647178,0.03309357,-0.00240626,4501.21175997,3448.55180114,20.00000000,16.00000000,320.00000000,320.00000000,320.00000000,320.00000000,1,1,-0.00283033,0.00005616,0,0.04353273,0.01883281,1.00000000,1.00000000,4501.26209979,-0.05033982,0.01227795,-0.01510828,3448.55449926,-0.00269813,28.00000000
pullin_28db_fp31p25_cp0p3,84.00000000,4200,Medium,0,1,1,NWPR,13,27.70898450,1,27.22244503,1,27.26675617,0.83217744,1,1,0.31579833,0.01830201,0.03326385,-0.00194081,4501.25934673,3487.69246248,20.00000000,16.00000000,320.00000000,320.00000000,320.00000000,320.00000000,1,1,0.00626707,0.00005103,0,0.04440324,0.01843179,1.00000000,1.00000000,4501.27503174,-0.01568501,0.01358995,-0.00732288,3487.69596410,-0.00350162,28.00000000
pullin_28db_fp31p25_cp0p3,85.00000000,4250,Medium,0,1,1,NWPR,13,27.62439312,1,26.94903840,1,26.86847096,0.82013181,1,1,0.66079364,0.01497686,0.03301677,-0.00257423,4501.31316753,3526.82554666,20.00000000,16.00000000,320.00000000,320.00000000,320.00000000,320.00000000,1,1,0.01491562,0.00008948,0,0.04514756,0.01830510,1.00000000,1.00000000,4501.28928709,0.02388044,0.01492413,-0.00000851,3526.83754713,-0.01200047,28.00000000
pullin_28db_fp31p25_cp0p3,86.00000000,4300,Medium,0,1,1,NWPR,13,27.50446396,1,27.64521883,1,27.28215969,0.85544429,1,1,0.32277789,0.01208803,0.03310087,-0.00150467,4501.31117385,3565.97112649,20.00000000,16.00000000,320.00000000,320.00000000,320.00000000,320.00000000,1,1,0.01247016,0.00008129,0,0.04601411,0.01897772,1.00000000,1.00000000,4501.30488620,0.00628765,0.01627688,-0.00380673,3565.97925994,-0.00813345,28.00000000
pullin_28db_fp31p25_cp0p3,87.00000000,4350,Medium,0,1,1,NWPR,13,27.33774432,1,27.17159000,1,27.26563608,0.84171532,1,1,0.39632964,0.01210408,0.03318353,-0.00262312,4501.33850424,3605.10459601,20.00000000,16.00000000,320.00000000,320.00000000,320.00000000,320.00000000,1,1,0.01598786,0.00007154,0,0.04049980,0.01882622,1.00000000,1.00000000,4501.32184583,0.01665841,0.01764456,-0.00165669,3605.12111431,-0.01651830,28.00000000
pullin_28db_fp31p25_cp0p3,88.00000000,4400,Medium,0,1,1,NWPR,13,27.27794022,1,27.86019368,1,27.34593270,0.86977480,1,1,-0.13204490,0.01584567,0.03313781,-0.00243148,4501.32878874,3644.24919467,20.00000000,16.00000000,320.00000000,320.00000000,320.00000000,320.00000000,1,1,0.01130238,0.00006500,0,0.04152486,0.01888472,1.00000000,1.00000000,4501.34017905,-0.01139031,0.01902345,-0.00772107,3644.26312211,-0.01392745,28.00000000
pullin_28db_fp31p25_cp0p3,89.00000000,4450,Medium,0,1,1,NWPR,13,27.35778485,1,28.50717438,1,27.62852611,0.87268521,1,1,0.26424190,0.01949944,0.03357849,-0.00163533,4501.35277650,3683.39233315,20.00000000,16.00000000,320.00000000,320.00000000,320.00000000,320.00000000,1,1,0.01355568,0.00005906,0,0.04225020,0.01871358,1.00000000,1.00000000,4501.35989523,-0.00711874,0.02040985,-0.00685417,3683.40529535,-0.01296220,28.00000000
pullin_28db_fp31p25_cp0p3,90.00000000,4500,Medium,0,1,1,NWPR,13,27.57647938,1,27.42485110,1,27.69293054,0.86913165,1,1,0.34376468,0.00603241,0.03313251,-0.00086157,4501.36429023,3722.53126777,20.00000000,16.00000000,320.00000000,320.00000000,320.00000000,320.00000000,1,1,0.01384918,0.00005366,0,0.04265099,0.01839583,1.00000000,1.00000000,4501.38100000,-0.01670977,0.02180000,-0.00795082,3722.54764606,-0.01637828,28.00000000
pullin_28db_fp31p25_cp0p3,91.00000000,4550,Medium,0,1,1,NWPR,13,27.72717304,1,27.68495799,1,27.76704966,0.85556986,1,1,0.63097639,0.01965861,0.03360328,0.00071785,4501.45125381,3761.68388068,20.00000000,16.00000000,320.00000000,320.00000000,320.00000000,320.00000000,1,1,0.02683683,0.00004876,0,0.04303064,0.01802011,1.00000000,1.00000000,4501.40349523,0.04775858,0.02319015,0.00364668,3761.69018633,-0.00630565,28.00000000
pullin_28db_fp31p25_cp0p3,92.00000000,4600,Medium,0,1,1,NWPR,13,27.86074398,1,28.31262312,1,27.94538820,0.79993423,1,1,0.46630298,0.02932528,0.03404781,0.00187378,4501.46152872,3800.83287388,20.00000000,16.00000000,320.00000000,320.00000000,320.00000000,320.00000000,1,1,0.02387120,0.00004431,0,0.04336677,0.01761791,1.00000000,1.00000000,4501.42737905,0.03414967,0.02457655,-0.00070535,3800.83292826,-0.00005438,28.00000000
pullin_28db_fp31p25_cp0p3,93.00000000,4650,Medium,0,1,1,NWPR,13,27.93537696,1,28.54559205,1,28.01929938,0.83463914,1,1,-0.04199259,0.02618976,0.03403349,0.00133878,4501.41204911,3839.97404451,20.00000000,16.00000000,320.00000000,320.00000000,320.00000000,320.00000000,1,1,0.01195699,0.00008326,0,0.04390807,0.01831188,1.00000000,1.00000000,4501.45264583,-0.04059672,0.02595544,-0.01399846,3839.97588389,-0.00183938,28.00000000
pullin_28db_fp31p25_cp0p3,94.00000000,4700,Medium,0,1,1,NWPR,13,27.90459579,1,28.10490572,1,27.88037771,0.83255030,1,1,0.02273095,0.02031443,0.03374271,0.00089923,4501.42888253,3879.11582624,20.00000000,16.00000000,320.00000000,320.00000000,320.00000000,320.00000000,1,1,0.01321269,0.00007565,0,0.04498590,0.01892110,1.00000000,1.00000000,4501.47928620,-0.05040366,0.02732312,-0.01411043,3879.11906521,-0.00323897,28.00000000
pullin_28db_fp31p25_cp0p3,95.00000000,4750,Medium,0,1,1,NWPR,13,27.84823323,1,26.22939577,1,27.18497434,0.78301442,1,1,0.32425053,0.01699498,0.03386666,0.00094343,4501.49284803,3918.25906169,20.00000000,16.00000000,320.00000000,320.00000000,320.00000000,320.00000000,1,1,0.02222671,0.00006657,0,0.04014386,0.01867167,1.00000000,1.00000000,4501.50728709,-0.01443905,0.02867587,-0.00644916,3918.26248412,-0.00342243,28.00000000
pullin_28db_fp31p25_cp0p3,96.00000000,4800,Medium,0,1,1,NWPR,13,27.76601750,1,27.44445313,1,27.62552385,0.75773629,1,1,0.12275050,0.01302233,0.03382008,0.00018106,4501.53309043,3957.40509009,20.00000000,16.00000000,320.00000000,320.00000000,320.00000000,320.00000000,1,1,0.02598284,0.00006049,0,0.04102527,0.01860362,1.00000000,1.00000000,4501.53663174,-0.00354131,0.03001005,-0.00402721,3957.40615236,-0.00106227,28.00000000
pullin_28db_fp31p25_cp0p3,97.00000000,4850,Medium,0,1,1,NWPR,13,27.64008855,1,26.96271820,1,26.91834705,0.77721205,1,1,-0.61348785,0.01574931,0.03371452,-0.00020620,4501.56204755,3996.54495224,20.00000000,16.00000000,320.00000000,320.00000000,320.00000000,320.00000000,1,1,0.02608578,0.00005496,0,0.04203358,0.01840224,1.00000000,1.00000000,4501.56729979,-0.00525224,0.03132205,-0.00523627,3996.55008155,-0.00512931,28.00000000
pullin_28db_fp31p25_cp0p3,98.00000000,4900,Medium,0,1,1,NWPR,13,27.48712811,1,27.67583882,1,27.36421827,0.82563090,1,1,-0.31297663,0.01000472,0.03384548,0.00055140,4501.59434021,4035.69244067,20.00000000,16.00000000,320.00000000,320.00000000,320.00000000,320.00000000,1,1,0.02703058,0.00004994,0,0.04269909,0.01807502,1.00000000,1.00000000,4501.59926727,-0.00492706,0.03260834,-0.00557776,4035.69428308,-0.00184241,28.00000000
pullin_28db_fp31p25_cp0p3,99.00000000,4950,Medium,0,1,1,NWPR,13,27.40785214,1,27.19620121,1,27.41182798,0.86297417,1,1,-0.13830892,0.00629984,0.03369728,0.00079436,4501.64545925,4074.83564057,20.00000000,16.00000000,320.00000000,320.00000000,320.00000000,320.00000000,1,1,0.03093435,0.00004538,0,0.04331700,0.01771597,1.00000000,1.00000000,4501.63250674,0.01295251,0.03386544,-0.00293109,4074.83876814,-0.00312757,28.00000000
pullin_28db_fp31p25_cp0p3,100.00000000,5000,Medium,0,1,1,NWPR,13,27.41773205,1,27.29251256,1,27.32798614,0.84816402,1,1,0.21119124,0.00276952,0.03372940,0.00063767,4501.68281615,4113.97946487,20.00000000,16.00000000,320.00000000,320.00000000,320.00000000,320.00000000,1,1,0.03240273,0.00004123,0,0.04376492,0.01732343,1.00000000,1.00000000,4501.66698730,0.01582885,0.03508997,-0.00268724,4113.98354767,-0.00408279,28.00000000
pullin_28db_fp31p25_cp0p3,101.00000000,5050,Medium,0,1,1,NWPR,13,27.39448952,1,27.07794469,1,27.03127065,0.85464426,1,1,0.15375625,0.00333918,0.03368010,0.00083024,4501.71209995,4153.12113889,20.00000000,16.00000000,320.00000000,320.00000000,320.00000000,320.00000000,1,1,0.03184261,0.00003747,0,0.04441521,0.01694167,1.00000000,1.00000000,4501.70267472,0.00942523,0.03627862,-0.00443601,4153.12863229,-0.00749340,28.00000000
pullin_28db_fp31p25_cp0p3,102.00000000,5100,Medium,0,1,1,NWPR,13,27.46172330,1,27.98364298,1,27.51070335,0.87429595,1,1,-0.57453134,-0.00341258,0.03368311,0.00051454,4501.68742627,4192.27335563,20.00000000,16.00000000,320.00000000,320.00000000,320.00000000,320.00000000,1,1,0.02304371,0.00003405,0,0.04478038,0.01654248,1.00000000,1.00000000,4501.73953150,-0.05210523,0.03742818,-0.01438447,4192.27403236,-0.00067672,28.00000000
pullin_28db_fp31p25_cp0p3,103.00000000,5150,Medium,0,1,1,NWPR,13,27.44709844,1,27.16160378,1,27.28719543,0.89489127,1,1,0.09772482,0.00415787,0.03324649,0.00014100,4501.77906431,4231.41887138,20.00000000,16.00000000,320.00000000,320.00000000,320.00000000,320.00000000,1,1,0.03349387,0.00002997,0,0.03919163,0.01573088,1.00000000,1.00000000,4501.77751702,0.00154729,0.03853557,-0.00504170,4231.41975785,-0.00088647,28.00000000
pullin_28db_fp31p25_cp0p3,104.00000000,5200,Medium,0,1,1,NWPR,13,27.37198253,1,27.49515212,1,27.14495620,0.85754720,1,1,-0.89391195,-0.00053949,0.03386577,0.00006570,4501.75654131,4270.56903028,20.00000000,16.00000000,320.00000000,320.00000000,320.00000000,320.00000000,1,1,0.02484899,0.00008549,0,0.03998644,0.01546403,1.00000000,1.00000000,4501.81658759,-0.06004628,0.03959780,-0.01474881,4270.56581841,0.00321188,28.00000000
pullin_28db_fp31p25_cp0p3,105.00000000,5250,Medium,0,1,1,NWPR,13,27.43310424,1,27.56373377,1,27.54127883,0.80884579,1,1,0.27824122,0.00325279,0.03321588,0.00107448,4501.86778676,4309.71802178,20.00000000,16.00000000,320.00000000,320.00000000,320.00000000,320.00000000,1,1,0.03754130,0.00009600,0,0.04046553,0.01687228,1.00000000,1.00000000,4501.85669661,0.01109015,0.04061201,-0.00307071,4309.71222325,0.00579853,28.00000000
pullin_28db_fp31p25_cp0p3,106.00000000,5300,Medium,0,1,1,NWPR,13,27.44101924,1,27.28632410,1,27.21576986,0.81801524,1,1,1.29991944,0.01348782,0.03459503,0.00054346,4501.99341997,4348.85908184,20.00000000,16.00000000,320.00000000,320.00000000,320.00000000,320.00000000,1,1,0.05143119,0.00009799,0,0.04183239,0.01833627,1.00000000,1.00000000,4501.89779470,0.09562527,0.04157549,0.00985570,4348.85898121,0.00010063,28.00000000
pullin_28db_fp31p25_cp0p3,107.00000000,5350,Medium,0,1,1,NWPR,13,27.40898762,1,27.21402070,1,27.04160400,0.79311848,1,1,0.20595290,0.01828400,0.03451668,0.00008972,4501.94897815,4388.01003725,20.00000000,16.00000000,320.00000000,320.00000000,320.00000000,320.00000000,1,1,0.03625599,0.00008903,0,0.04350829,0.01941655,1.00000000,1.00000000,4501.93982980,0.00914835,0.04248563,-0.00622965,4388.00610066,0.00393659,28.00000000
pullin_28db_fp31p25_cp0p3,108.00000000,5400,Medium,0,1,1,NWPR,13,27.45927973,1,26.78207044,1,27.23524512,0.82483334,1,1,-0.52251394,0.02058613,0.03467415,0.00015003,4501.92134175,4427.15322438,20.00000000,16.00000000,320.00000000,320.00000000,320.00000000,320.00000000,1,1,0.02453831,0.00009667,0,0.04484002,0.01997210,1.00000000,1.00000000,4501.98274737,-0.06140563,0.04334002,-0.01880171,4427.15358951,-0.00036512,28.00000000
pullin_28db_fp31p25_cp0p3,109.00000000,5450,Medium,0,1,1,NWPR,13,27.35956820,1,26.84902715,1,26.81662697,0.78786177,1,1,-0.49750412,0.01370898,0.03484112,0.00016328,4501.95188676,4466.30506280,20.00000000,16.00000000,320.00000000,320.00000000,320.00000000,320.00000000,1,1,0.02535943,0.00008783,0,0.04673603,0.02044549,1.00000000,1.00000000,4502.02649048,-0.07460373,0.04413634,-0.01877692,4466.30145518,0.00360762,28.00000000
pullin_28db_fp31p25_cp0p3,110.00000000,5500,Medium,0,1,1,NWPR,13,27.29978791,1,27.70751728,1,27.25486273,0.77909126,1,1,0.33423639,0.01928237,0.03364428,-0.00003290,4502.09909801,4505.45297987,20.00000000,16.00000000,320.00000000,320.00000000,320.00000000,320.00000000,1,1,0.04739875,0.00009393,0,0.04729623,0.02067549,1.00000000,1.00000000,4502.07100000,0.02809801,0.04487249,0.00252626,4505.44970461,0.00327526,28.00000000
pullin_28db_fp31p25_cp0p3,111.00000000,5550,Medium,0,1,1,NWPR,13,27.33855440,1,27.34586007,1,27.35773316,0.81209523,1,1,0.52914876,0.02416496,0.03388502,0.00073787,4502.14196611,4544.60961519,20.00000000,16.00000000,320.00000000,320.00000000,320.00000000,320.00000000,1,1,0.04688106,0.00008266,0,0.04120381,0.02010939,1.00000000,1.00000000,4502.11621475,0.02575136,0.04554650,0.00133457,4544.59834418,0.01127100,28.00000000
pullin_28db_fp31p25_cp0p3,112.00000000,5600,Medium,0,1,1,NWPR,13,27.29271057,1,27.34146920,1,27.15544955,0.82924810,1,1,-0.17983493,0.02738677,0.03324594,0.00009181,4502.12987007,4583.76131922,20.00000000,16.00000000,320.00000000,320.00000000,320.00000000,320.00000000,1,1,0.03518351,0.00007510,0,0.04235088,0.02000021,1.00000000,1.00000000,4502.16207168,-0.03220161,0.04615656,-0.01097305,4583.74737977,0.01393945,28.00000000
pullin_28db_fp31p25_cp0p3,113.00000000,5650,Medium,0,1,1,NWPR,13,27.35381310,1,27.05751298,1,27.27434293,0.84033953,1,1,-1.27443693,0.02345198,0.03436412,0.00071890,4502.12086581,4622.91178313,20.00000000,16.00000000,320.00000000,320.00000000,320.00000000,320.00000000,1,1,0.02554291,0.00006824,0,0.04276421,0.01968291,1.00000000,1.00000000,4502.20850603,-0.08764021,0.04670108,-0.02115817,4622.89681667,0.01496646,28.00000000
pullin_28db_fp31p25_cp0p3,114.00000000,5700,Medium,0,1,1,NWPR,13,27.30242538,1,27.73429998,1,26.98552384,0.79864728,1,1,0.29198480,0.02619055,0.03431600,-0.00089976,4502.28619994,4662.05941423,20.00000000,16.00000000,320.00000000,320.00000000,320.00000000,320.00000000,1,1,0.05174904,0.00006200,0,0.04399431,0.01936165,1.00000000,1.00000000,4502.25545150,0.03074844,0.04717860,0.00457044,4662.04665962,0.01275462,28.00000000
pullin_28db_fp31p25_cp0p3,115.00000000,5750,Medium,0,1,1,NWPR,13,27.25794585,1,27.38785157,1,27.22707006,0.80110475,1,1,0.22239449,0.02435640,0.03385158,0.00007537,4502.30458919,4701.21285342,20.00000000,16.00000000,320.00000000,320.00000000,320.00000000,320.00000000,1,1,0.04560905,0.00005633,0,0.04420009,0.01891374,1.00000000,1.00000000,4502.30284048,0.00174871,0.04758788,-0.00197883,4701.19691276,0.01594066,28.00000000
pullin_28db_fp31p25_cp0p3,116.00000000,5800,Medium,0,1,1,NWPR,13,27.28042921,1,27.63289097,1,27.35128126,0.85209045,1,1,0.55886667,0.03854784,0.03389627,-0.00019948,4502.38506088,4740.36115174,20.00000000,16.00000000,320.00000000,320.00000000,320.00000000,320.00000000,1,1,0.05165595,0.00005119,0,0.04474517,0.01848558,1.00000000,1.00000000,4502.35060415,0.03445673,0.04792784,0.00372810,4740.34757967,0.01357208,28.00000000
pullin_28db_fp31p25_cp0p3,117.00000000,5850,Medium,0,1,1,NWPR,13,27.26040625,1,26.97523392,1,27.13309272,0.85593369,1,1,0.07065817,0.02935204,0.03434869,-0.00052211,4502.35695966,4779.50910802,20.00000000,16.00000000,320.00000000,320.00000000,320.00000000,320.00000000,1,1,0.03814541,0.00008699,0,0.04526139,0.01867733,1.00000000,1.00000000,4502.39867277,-0.04171310,0.04819762,-0.01005221,4779.49866328,0.01044474,28.00000000
pullin_28db_fp31p25_cp0p3,118.00000000,5900,Medium,0,1,1,NWPR,13,27.32775131,1,26.69791828,1,27.20630286,0.82918175,1,1,0.42227799,0.03915803,0.03371184,-0.00092186,4502.44536079,4818.65337095,20.00000000,16.00000000,320.00000000,320.00000000,320.00000000,320.00000000,1,1,0.04692918,0.00007904,0,0.04606067,0.01921924,1.00000000,1.00000000,4502.44697577,-0.00161498,0.04839652,-0.00146734,4818.65016596,0.00320499,28.00000000
pullin_28db_fp31p25_cp0p3,119.00000000,5950,Medium,0,1,1,NWPR,13,27.32362824,1,27.75441239,1,27.18672988,0.85098366,1,1,0.01763856,0.03005025,0.03214674,-0.00014271,4502.48712852,4857.80352627,20.00000000,16.00000000,320.00000000,320.00000000,320.00000000,320.00000000,1,1,0.04647605,0.00006956,0,0.04064739,0.01892316,1.00000000,1.00000000,4502.49544202,-0.00831350,0.04852406,-0.00204801,4857.80208942,0.00143685,28.00000000
pullin_28db_fp31p25_cp0p3,120.00000000,6000,Medium,0,1,1,NWPR,13,27.37217608,1,27.93009629,1,27.47138309,0.87646502,1,1,-0.26847610,0.03021697,0.03198000,0.00025986,4502.52690664,4896.96433404,20.00000000,16.00000000,320.00000000,320.00000000,320.00000000,320.00000000,1,1,0.04518843,0.00006320,0,0.04137751,0.01886280,1.00000000,1.00000000,4502.54400000,-0.01709336,0.04857994,-0.00339151,4896.95443478,0.00989926,28.00000000
